task_id	protein	residue	site_in_domain	variant	task_tag	sequence
1	A2ACM0	T	29	WT	A2ACM0_T29WT	GPTGAQYTPHSHQFPRTRKMFDKGPDQTTDDADDAAGHKSFICASMQTGFCDWSARYFAQPVMKIPEEHDLESQIRKERE
2	A2ACM0	T	29	E	A2ACM0_T29E	GPTGAQYTPHSHQFPRTRKMFDKGPDQTEDDADDAAGHKSFICASMQTGFCDWSARYFAQPVMKIPEEHDLESQIRKERE
3	A2ACM0	T	29	Neutral	A2ACM0_T29Neutral	GPTGAQYTPHSHQFPRTRKMFDKGPDQTADDADDAAGHKSFICASMQTGFCDWSARYFAQPVMKIPEEHDLESQIRKERE
4	A2AFQ0	S	53	WT	A2AFQ0_S53WT	QVNQQQLQQLMDMGFTREHAMEALLNTSTMEQATEYLLTHPPPIIGGVVRDLSMSEEDQMMRAIAMSLGQDIPMDQ
5	A2AFQ0	S	53	E	A2AFQ0_S53E	QVNQQQLQQLMDMGFTREHAMEALLNTSTMEQATEYLLTHPPPIIGGVVRDLEMSEEDQMMRAIAMSLGQDIPMDQ
6	A2AFQ0	S	53	Neutral	A2AFQ0_S53Neutral	QVNQQQLQQLMDMGFTREHAMEALLNTSTMEQATEYLLTHPPPIIGGVVRDLAMSEEDQMMRAIAMSLGQDIPMDQ
7	A2ALL9	S	7	WT	A2ALL9_S7WT	DGAMDSSQTRAKKQDGAVAMEMQPLKSAEGGEMEEREKKKANVPKKEKSVLQGKLTKLAVQIGKAGLVMSAITVIILVLYFVIETFVVDGRVWLAECTPVYVQYFVKFFIIGVTVLVVAVPEGLPLAVTISLAYSVKKMMKDNNLVRHLDACETMGNATAICSDKTGTLTTNRMTVVQSYLGDTHYKEI
8	A2ALL9	S	7	E	A2ALL9_S7E	DGAMDSEQTRAKKQDGAVAMEMQPLKSAEGGEMEEREKKKANVPKKEKSVLQGKLTKLAVQIGKAGLVMSAITVIILVLYFVIETFVVDGRVWLAECTPVYVQYFVKFFIIGVTVLVVAVPEGLPLAVTISLAYSVKKMMKDNNLVRHLDACETMGNATAICSDKTGTLTTNRMTVVQSYLGDTHYKEI
9	A2ALL9	S	7	Neutral	A2ALL9_S7Neutral	DGAMDSAQTRAKKQDGAVAMEMQPLKSAEGGEMEEREKKKANVPKKEKSVLQGKLTKLAVQIGKAGLVMSAITVIILVLYFVIETFVVDGRVWLAECTPVYVQYFVKFFIIGVTVLVVAVPEGLPLAVTISLAYSVKKMMKDNNLVRHLDACETMGNATAICSDKTGTLTTNRMTVVQSYLGDTHYKEI
10	B1AUE5	S	16	WT	B1AUE5_S16WT	ARKEWRLHRNLSHRRSSLEDRAVCRTPLCTLCLEERRHSTATPCGHLFCWECITEWCNTKTECPLCREKFPPQKLVYLRHY
11	B1AUE5	S	16	E	B1AUE5_S16E	ARKEWRLHRNLSHRRESLEDRAVCRTPLCTLCLEERRHSTATPCGHLFCWECITEWCNTKTECPLCREKFPPQKLVYLRHY
12	B1AUE5	S	16	Neutral	B1AUE5_S16Neutral	ARKEWRLHRNLSHRRASLEDRAVCRTPLCTLCLEERRHSTATPCGHLFCWECITEWCNTKTECPLCREKFPPQKLVYLRHY
13	B1AUE5	S	17	WT	B1AUE5_S17WT	ARKEWRLHRNLSHRRSSLEDRAVCRTPLCTLCLEERRHSTATPCGHLFCWECITEWCNTKTECPLCREKFPPQKLVYLRHY
14	B1AUE5	S	17	E	B1AUE5_S17E	ARKEWRLHRNLSHRRSELEDRAVCRTPLCTLCLEERRHSTATPCGHLFCWECITEWCNTKTECPLCREKFPPQKLVYLRHY
15	B1AUE5	S	17	Neutral	B1AUE5_S17Neutral	ARKEWRLHRNLSHRRSALEDRAVCRTPLCTLCLEERRHSTATPCGHLFCWECITEWCNTKTECPLCREKFPPQKLVYLRHY
16	D3YXR8	T	4	WT	D3YXR8_T4WT	SVPTRRMVALYDYDPRESSPNVDVEAELPFCTGDIITVFGEIDEDGFYYGELNGQKGLVPSNFLEEV
17	D3YXR8	T	4	E	D3YXR8_T4E	SVPERRMVALYDYDPRESSPNVDVEAELPFCTGDIITVFGEIDEDGFYYGELNGQKGLVPSNFLEEV
18	D3YXR8	T	4	Neutral	D3YXR8_T4Neutral	SVPARRMVALYDYDPRESSPNVDVEAELPFCTGDIITVFGEIDEDGFYYGELNGQKGLVPSNFLEEV
19	D3YZL8	T	3	WT	D3YZL8_T3WT	SPTPVELHKVTLYKDSGMEDFGFSVADGLLEKGVYVKNIRPAGPGDVGGLKPYDRLLQVNHVRTRDFDCCLVVPLIAESGNKLDLVISRNP
20	D3YZL8	T	3	E	D3YZL8_T3E	SPEPVELHKVTLYKDSGMEDFGFSVADGLLEKGVYVKNIRPAGPGDVGGLKPYDRLLQVNHVRTRDFDCCLVVPLIAESGNKLDLVISRNP
21	D3YZL8	T	3	Neutral	D3YZL8_T3Neutral	SPAPVELHKVTLYKDSGMEDFGFSVADGLLEKGVYVKNIRPAGPGDVGGLKPYDRLLQVNHVRTRDFDCCLVVPLIAESGNKLDLVISRNP
22	D3Z2Q2	S	40	WT	D3Z2Q2_S40WT	FLDATGCLMSPAYEPWKEHNVAEEKDEKEKLKKRRPVSVSPSSSQEISENQYAVICSEKQAKVMSLPTQSCAYKQNITETSFVLRGDIVALSNSVCLACFCANGHIMTFSLPSLRPLLDVYYLP
23	D3Z2Q2	S	40	E	D3Z2Q2_S40E	FLDATGCLMSPAYEPWKEHNVAEEKDEKEKLKKRRPVSVEPSSSQEISENQYAVICSEKQAKVMSLPTQSCAYKQNITETSFVLRGDIVALSNSVCLACFCANGHIMTFSLPSLRPLLDVYYLP
24	D3Z2Q2	S	40	Neutral	D3Z2Q2_S40Neutral	FLDATGCLMSPAYEPWKEHNVAEEKDEKEKLKKRRPVSVAPSSSQEISENQYAVICSEKQAKVMSLPTQSCAYKQNITETSFVLRGDIVALSNSVCLACFCANGHIMTFSLPSLRPLLDVYYLP
25	D3Z2Q2	S	42	WT	D3Z2Q2_S42WT	FLDATGCLMSPAYEPWKEHNVAEEKDEKEKLKKRRPVSVSPSSSQEISENQYAVICSEKQAKVMSLPTQSCAYKQNITETSFVLRGDIVALSNSVCLACFCANGHIMTFSLPSLRPLLDVYYLP
26	D3Z2Q2	S	42	E	D3Z2Q2_S42E	FLDATGCLMSPAYEPWKEHNVAEEKDEKEKLKKRRPVSVSPESSQEISENQYAVICSEKQAKVMSLPTQSCAYKQNITETSFVLRGDIVALSNSVCLACFCANGHIMTFSLPSLRPLLDVYYLP
27	D3Z2Q2	S	42	Neutral	D3Z2Q2_S42Neutral	FLDATGCLMSPAYEPWKEHNVAEEKDEKEKLKKRRPVSVSPASSQEISENQYAVICSEKQAKVMSLPTQSCAYKQNITETSFVLRGDIVALSNSVCLACFCANGHIMTFSLPSLRPLLDVYYLP
28	D3Z2Q2	S	43	WT	D3Z2Q2_S43WT	FLDATGCLMSPAYEPWKEHNVAEEKDEKEKLKKRRPVSVSPSSSQEISENQYAVICSEKQAKVMSLPTQSCAYKQNITETSFVLRGDIVALSNSVCLACFCANGHIMTFSLPSLRPLLDVYYLP
29	D3Z2Q2	S	43	E	D3Z2Q2_S43E	FLDATGCLMSPAYEPWKEHNVAEEKDEKEKLKKRRPVSVSPSESQEISENQYAVICSEKQAKVMSLPTQSCAYKQNITETSFVLRGDIVALSNSVCLACFCANGHIMTFSLPSLRPLLDVYYLP
30	D3Z2Q2	S	43	Neutral	D3Z2Q2_S43Neutral	FLDATGCLMSPAYEPWKEHNVAEEKDEKEKLKKRRPVSVSPSASQEISENQYAVICSEKQAKVMSLPTQSCAYKQNITETSFVLRGDIVALSNSVCLACFCANGHIMTFSLPSLRPLLDVYYLP
31	D3Z2Q2	S	48	WT	D3Z2Q2_S48WT	FLDATGCLMSPAYEPWKEHNVAEEKDEKEKLKKRRPVSVSPSSSQEISENQYAVICSEKQAKVMSLPTQSCAYKQNITETSFVLRGDIVALSNSVCLACFCANGHIMTFSLPSLRPLLDVYYLP
32	D3Z2Q2	S	48	E	D3Z2Q2_S48E	FLDATGCLMSPAYEPWKEHNVAEEKDEKEKLKKRRPVSVSPSSSQEIEENQYAVICSEKQAKVMSLPTQSCAYKQNITETSFVLRGDIVALSNSVCLACFCANGHIMTFSLPSLRPLLDVYYLP
33	D3Z2Q2	S	48	Neutral	D3Z2Q2_S48Neutral	FLDATGCLMSPAYEPWKEHNVAEEKDEKEKLKKRRPVSVSPSSSQEIAENQYAVICSEKQAKVMSLPTQSCAYKQNITETSFVLRGDIVALSNSVCLACFCANGHIMTFSLPSLRPLLDVYYLP
34	D3Z576	S	1	WT	D3Z576_S1WT	SFGSITRQQEGEASSQDMTAQVTSPSGKTEAAEIVEGEDSAYSVRFVPQEMGPHTVTVKYRGQHVPGSPFQFTVG
35	D3Z576	S	1	E	D3Z576_S1E	EFGSITRQQEGEASSQDMTAQVTSPSGKTEAAEIVEGEDSAYSVRFVPQEMGPHTVTVKYRGQHVPGSPFQFTVG
36	D3Z576	S	1	Neutral	D3Z576_S1Neutral	AFGSITRQQEGEASSQDMTAQVTSPSGKTEAAEIVEGEDSAYSVRFVPQEMGPHTVTVKYRGQHVPGSPFQFTVG
37	E0CZ72	S	291	WT	E0CZ72_S291WT	NYEIMCMIRDFRGSLDYRPLTTADPIDEHRICVCVRKRPLNKKETQMKDLDVITIPSKDVVMVHEPKQKVDLTRYLENQTFRFDYAFDDSAPNEMVYRFTARPLVETIFERGMATCFAYGQTGSGKTHTMGGDFSGKNQDCSKGIYALAARDVFLMLKKPNYKKLELQVYATFFEIYSGKVFDLLNRKTKLRVLEDGKQQVQVVGLQEREVKCVEDVLKLIDIGNSCRTSGQTSANAHSSRSHAVFQIILRRKGKLHGKFSLIDLAGNERGADTSSADRQTRLEGAEINKSLLALKECIRALGRNKPHTPFRASKLTQVLRDSFIGENSRTCMIATISPGMASCENTLNTLRYANRVKEF
38	E0CZ72	S	291	E	E0CZ72_S291E	NYEIMCMIRDFRGSLDYRPLTTADPIDEHRICVCVRKRPLNKKETQMKDLDVITIPSKDVVMVHEPKQKVDLTRYLENQTFRFDYAFDDSAPNEMVYRFTARPLVETIFERGMATCFAYGQTGSGKTHTMGGDFSGKNQDCSKGIYALAARDVFLMLKKPNYKKLELQVYATFFEIYSGKVFDLLNRKTKLRVLEDGKQQVQVVGLQEREVKCVEDVLKLIDIGNSCRTSGQTSANAHSSRSHAVFQIILRRKGKLHGKFSLIDLAGNERGADTSSADRQTRLEGAEINKELLALKECIRALGRNKPHTPFRASKLTQVLRDSFIGENSRTCMIATISPGMASCENTLNTLRYANRVKEF
39	E0CZ72	S	291	Neutral	E0CZ72_S291Neutral	NYEIMCMIRDFRGSLDYRPLTTADPIDEHRICVCVRKRPLNKKETQMKDLDVITIPSKDVVMVHEPKQKVDLTRYLENQTFRFDYAFDDSAPNEMVYRFTARPLVETIFERGMATCFAYGQTGSGKTHTMGGDFSGKNQDCSKGIYALAARDVFLMLKKPNYKKLELQVYATFFEIYSGKVFDLLNRKTKLRVLEDGKQQVQVVGLQEREVKCVEDVLKLIDIGNSCRTSGQTSANAHSSRSHAVFQIILRRKGKLHGKFSLIDLAGNERGADTSSADRQTRLEGAEINKALLALKECIRALGRNKPHTPFRASKLTQVLRDSFIGENSRTCMIATISPGMASCENTLNTLRYANRVKEF
40	E9PV45	S	245	WT	E9PV45_S245WT	DSRSSSGFVGLRNGGATCYMNAVFQQLYMQPGLPESLLSVDDDTDNPDDSVFYQVQSLFGHLMESKLQYYVPENFWKIFKMWNKELYVREQQDAYEFFTSLIDQMDEYLKKMGREQIFKNTFQGIYSDQKICKDCPHRYEREEAFMALNLGVTSCQSLEISLDQFVRGEVLEGSNAYYCEKCKEKRITVKRTCIKSLPSVLVIHLMRFGFDWESGRSIKYDEQIRFPWMLNMEPYTVAGMARQDSSSEVGENGRNMDQGGGGSPRKKVALTENYELVGVIVHSGQAHAGHYYSFIKDRRGCGKGKWYKFNDTVIEEFDLNDETLEYECFGGEYRPKVYDQTNPYTDVRRRYWNAYMLFYQRV
41	E9PV45	S	245	E	E9PV45_S245E	DSRSSSGFVGLRNGGATCYMNAVFQQLYMQPGLPESLLSVDDDTDNPDDSVFYQVQSLFGHLMESKLQYYVPENFWKIFKMWNKELYVREQQDAYEFFTSLIDQMDEYLKKMGREQIFKNTFQGIYSDQKICKDCPHRYEREEAFMALNLGVTSCQSLEISLDQFVRGEVLEGSNAYYCEKCKEKRITVKRTCIKSLPSVLVIHLMRFGFDWESGRSIKYDEQIRFPWMLNMEPYTVAGMARQDESSEVGENGRNMDQGGGGSPRKKVALTENYELVGVIVHSGQAHAGHYYSFIKDRRGCGKGKWYKFNDTVIEEFDLNDETLEYECFGGEYRPKVYDQTNPYTDVRRRYWNAYMLFYQRV
42	E9PV45	S	245	Neutral	E9PV45_S245Neutral	DSRSSSGFVGLRNGGATCYMNAVFQQLYMQPGLPESLLSVDDDTDNPDDSVFYQVQSLFGHLMESKLQYYVPENFWKIFKMWNKELYVREQQDAYEFFTSLIDQMDEYLKKMGREQIFKNTFQGIYSDQKICKDCPHRYEREEAFMALNLGVTSCQSLEISLDQFVRGEVLEGSNAYYCEKCKEKRITVKRTCIKSLPSVLVIHLMRFGFDWESGRSIKYDEQIRFPWMLNMEPYTVAGMARQDASSEVGENGRNMDQGGGGSPRKKVALTENYELVGVIVHSGQAHAGHYYSFIKDRRGCGKGKWYKFNDTVIEEFDLNDETLEYECFGGEYRPKVYDQTNPYTDVRRRYWNAYMLFYQRV
43	E9PX29	S	47	WT	E9PX29_S47WT	EASKADQLVQSFAELDKRLLHMESQLQDVDPGGDLATVNSQLKKLQSMESQVEEWCREVGELQAQTAALPLEQASKELVGERQSAVGERLVRLLEPLQERRRLLLASKELHQVAHDLDDELAWVQERLPLAMQTERGTGLQAVQQHIKKNQGLRREIQAHGPRLEEVLERAGVLASLRSPEAEAVRRGQEQLQSAWTGLREAAERRQQTLDAAFQV
44	E9PX29	S	47	E	E9PX29_S47E	EASKADQLVQSFAELDKRLLHMESQLQDVDPGGDLATVNSQLKKLQEMESQVEEWCREVGELQAQTAALPLEQASKELVGERQSAVGERLVRLLEPLQERRRLLLASKELHQVAHDLDDELAWVQERLPLAMQTERGTGLQAVQQHIKKNQGLRREIQAHGPRLEEVLERAGVLASLRSPEAEAVRRGQEQLQSAWTGLREAAERRQQTLDAAFQV
45	E9PX29	S	47	Neutral	E9PX29_S47Neutral	EASKADQLVQSFAELDKRLLHMESQLQDVDPGGDLATVNSQLKKLQAMESQVEEWCREVGELQAQTAALPLEQASKELVGERQSAVGERLVRLLEPLQERRRLLLASKELHQVAHDLDDELAWVQERLPLAMQTERGTGLQAVQQHIKKNQGLRREIQAHGPRLEEVLERAGVLASLRSPEAEAVRRGQEQLQSAWTGLREAAERRQQTLDAAFQV
46	E9PXF8	S	8	WT	E9PXF8_S8WT	SKNDENRSFEGTLYKRGALLKGWKPRWFVLDVTKHQLRYYDSGEDTSCKGHIDLAEVEMVIPAGPSMGAPKYTSDKAFFDLKTSKRVYNFCAQDGQSAQQWMDRIQSCISD
47	E9PXF8	S	8	E	E9PXF8_S8E	SKNDENREFEGTLYKRGALLKGWKPRWFVLDVTKHQLRYYDSGEDTSCKGHIDLAEVEMVIPAGPSMGAPKYTSDKAFFDLKTSKRVYNFCAQDGQSAQQWMDRIQSCISD
48	E9PXF8	S	8	Neutral	E9PXF8_S8Neutral	SKNDENRAFEGTLYKRGALLKGWKPRWFVLDVTKHQLRYYDSGEDTSCKGHIDLAEVEMVIPAGPSMGAPKYTSDKAFFDLKTSKRVYNFCAQDGQSAQQWMDRIQSCISD
49	E9QAD8	T	2	WT	E9QAD8_T2WT	DTYGAGDGLKRGALSSSLRDLSDAGKRGRR
50	E9QAD8	T	2	E	E9QAD8_T2E	DEYGAGDGLKRGALSSSLRDLSDAGKRGRR
51	E9QAD8	T	2	Neutral	E9QAD8_T2Neutral	DAYGAGDGLKRGALSSSLRDLSDAGKRGRR
52	E9QP00	S	149	WT	E9QP00_S149WT	EYRRRRSRSHSPMSNRRRHTGSRANPDPNTCLGVFGLSLYTTERDLREVFSRYGPLSGVNVVYDQRTGRSRGFAFVYFERIDDSKEAMERANGMELDGRRIRVDYSITKRAHTPTPGIYMGRPTHSGGGGGGGGGGGGGGGGGGRRRDSYYDRGYDRGYDRYEDYDYRY
53	E9QP00	S	149	E	E9QP00_S149E	EYRRRRSRSHSPMSNRRRHTGSRANPDPNTCLGVFGLSLYTTERDLREVFSRYGPLSGVNVVYDQRTGRSRGFAFVYFERIDDSKEAMERANGMELDGRRIRVDYSITKRAHTPTPGIYMGRPTHSGGGGGGGGGGGGGGGGGGRRRDEYYDRGYDRGYDRYEDYDYRY
54	E9QP00	S	149	Neutral	E9QP00_S149Neutral	EYRRRRSRSHSPMSNRRRHTGSRANPDPNTCLGVFGLSLYTTERDLREVFSRYGPLSGVNVVYDQRTGRSRGFAFVYFERIDDSKEAMERANGMELDGRRIRVDYSITKRAHTPTPGIYMGRPTHSGGGGGGGGGGGGGGGGGGRRRDAYYDRGYDRGYDRYEDYDYRY
55	E9QPB3	S	148	WT	E9QPB3_S148WT	SQTLNIVTWSPCGQYLAAGAINGLIVVWNVETKDCMERVKHEKGYAICGLAWHPTCSRICYTDVEGNLGVLENVCDLSGKVSSNKVSSRVEKDYNDLFDGDDTSSAGDFLNDNAVEIPSFSKGIINEDDDNDDIMLAADHDLGDDENSVDVTMLKADLSHKEEGDDDQARSIHNLPLIRPQRPFYDGPMPTPRQKPFQSSSTPLHLSHRFMVWNSVGIIRCYNDDQDSAI
56	E9QPB3	S	148	E	E9QPB3_S148E	SQTLNIVTWSPCGQYLAAGAINGLIVVWNVETKDCMERVKHEKGYAICGLAWHPTCSRICYTDVEGNLGVLENVCDLSGKVSSNKVSSRVEKDYNDLFDGDDTSSAGDFLNDNAVEIPSFSKGIINEDDDNDDIMLAADHDLGDDENEVDVTMLKADLSHKEEGDDDQARSIHNLPLIRPQRPFYDGPMPTPRQKPFQSSSTPLHLSHRFMVWNSVGIIRCYNDDQDSAI
57	E9QPB3	S	148	Neutral	E9QPB3_S148Neutral	SQTLNIVTWSPCGQYLAAGAINGLIVVWNVETKDCMERVKHEKGYAICGLAWHPTCSRICYTDVEGNLGVLENVCDLSGKVSSNKVSSRVEKDYNDLFDGDDTSSAGDFLNDNAVEIPSFSKGIINEDDDNDDIMLAADHDLGDDENAVDVTMLKADLSHKEEGDDDQARSIHNLPLIRPQRPFYDGPMPTPRQKPFQSSSTPLHLSHRFMVWNSVGIIRCYNDDQDSAI
58	F2Z4A3	S	11	WT	F2Z4A3_S11WT	NAPLFSRDNYSVIIQENKPVGFSVLKLVVTDKDSSHNGPPFFFTIVSGNDENAFEVNQHGVLLTAATIKRKVKDHYLLHVKVADSGKPQLSSMTHIDIRVIEES
59	F2Z4A3	S	11	E	F2Z4A3_S11E	NAPLFSRDNYEVIIQENKPVGFSVLKLVVTDKDSSHNGPPFFFTIVSGNDENAFEVNQHGVLLTAATIKRKVKDHYLLHVKVADSGKPQLSSMTHIDIRVIEES
60	F2Z4A3	S	11	Neutral	F2Z4A3_S11Neutral	NAPLFSRDNYAVIIQENKPVGFSVLKLVVTDKDSSHNGPPFFFTIVSGNDENAFEVNQHGVLLTAATIKRKVKDHYLLHVKVADSGKPQLSSMTHIDIRVIEES
61	F7DCH5	S	241	WT	F7DCH5_S241WT	FDDDADQFPDDLSLDHSDLVAELLKELSNHNERIEERKIALYELMKLTQEESFSVWDEHFKTILLLLLETLGDKEPTIRALALKVLKEILRHQPARFKNYAELTVMKTLEAHKDPHKEVVRSAEEAASVLATSISPEQCIKVLCPIIQTADYPINLAAIKMQTKVIERVSKETLNMLLPEIMPGLIQGYDNSESSVRKACVFCLVAVHAVIGDELKPHLSQLTGSKMKLLNLYIKRAQTGS
62	F7DCH5	S	241	E	F7DCH5_S241E	FDDDADQFPDDLSLDHSDLVAELLKELSNHNERIEERKIALYELMKLTQEESFSVWDEHFKTILLLLLETLGDKEPTIRALALKVLKEILRHQPARFKNYAELTVMKTLEAHKDPHKEVVRSAEEAASVLATSISPEQCIKVLCPIIQTADYPINLAAIKMQTKVIERVSKETLNMLLPEIMPGLIQGYDNSESSVRKACVFCLVAVHAVIGDELKPHLSQLTGSKMKLLNLYIKRAQTGE
63	F7DCH5	S	241	Neutral	F7DCH5_S241Neutral	FDDDADQFPDDLSLDHSDLVAELLKELSNHNERIEERKIALYELMKLTQEESFSVWDEHFKTILLLLLETLGDKEPTIRALALKVLKEILRHQPARFKNYAELTVMKTLEAHKDPHKEVVRSAEEAASVLATSISPEQCIKVLCPIIQTADYPINLAAIKMQTKVIERVSKETLNMLLPEIMPGLIQGYDNSESSVRKACVFCLVAVHAVIGDELKPHLSQLTGSKMKLLNLYIKRAQTGA
64	F8VQD1	S	6	WT	F8VQD1_S6WT	LHRTYSQDCSFKNSMYHVGDYVYVEPAEANLQPHIVCIERLWEDSAGEKWLYGCWFYRPNETFHLATRKFLEKEVFKSDYYNKVPVSKILGKCVVMFVKEYFKLCPENFRDEDVFVCESRYSAKTKSFKKIKLWTMPISSVRFVPRDVPLPVVRVASVFANADKGDDEKNTDNSDDNRAEDNFNLEKEKEDVPVEMSNGEP
65	F8VQD1	S	6	E	F8VQD1_S6E	LHRTYEQDCSFKNSMYHVGDYVYVEPAEANLQPHIVCIERLWEDSAGEKWLYGCWFYRPNETFHLATRKFLEKEVFKSDYYNKVPVSKILGKCVVMFVKEYFKLCPENFRDEDVFVCESRYSAKTKSFKKIKLWTMPISSVRFVPRDVPLPVVRVASVFANADKGDDEKNTDNSDDNRAEDNFNLEKEKEDVPVEMSNGEP
66	F8VQD1	S	6	Neutral	F8VQD1_S6Neutral	LHRTYAQDCSFKNSMYHVGDYVYVEPAEANLQPHIVCIERLWEDSAGEKWLYGCWFYRPNETFHLATRKFLEKEVFKSDYYNKVPVSKILGKCVVMFVKEYFKLCPENFRDEDVFVCESRYSAKTKSFKKIKLWTMPISSVRFVPRDVPLPVVRVASVFANADKGDDEKNTDNSDDNRAEDNFNLEKEKEDVPVEMSNGEP
67	H3BJD6	S	54	WT	H3BJD6_S54WT	NRAVHEWSVQQVSHWLMSLSLDQYVPEFSAQSISGEQLLQLDGNKLKALGMTSSQDRALVKKKLKEMKMSLEKA
68	H3BJD6	S	54	E	H3BJD6_S54E	NRAVHEWSVQQVSHWLMSLSLDQYVPEFSAQSISGEQLLQLDGNKLKALGMTSEQDRALVKKKLKEMKMSLEKA
69	H3BJD6	S	54	Neutral	H3BJD6_S54Neutral	NRAVHEWSVQQVSHWLMSLSLDQYVPEFSAQSISGEQLLQLDGNKLKALGMTSAQDRALVKKKLKEMKMSLEKA
70	O35671	S	107	WT	O35671_S107WT	TKSSGQSNSNLDTCAEFRIKYVGAIEKLAVSEGKSLEGPLDLINYIDVAQQDGKLPFVPLEEEFILGVSKYGIKVSTTDQHGVLHRHALYLIIRMVCYDDGLGAGKSLLALKTTDASNEEYSLWVYQCNSLEQAQAICKVLSTAFDSVLTSDK
71	O35671	S	107	E	O35671_S107E	TKSSGQSNSNLDTCAEFRIKYVGAIEKLAVSEGKSLEGPLDLINYIDVAQQDGKLPFVPLEEEFILGVSKYGIKVSTTDQHGVLHRHALYLIIRMVCYDDGLGAGKELLALKTTDASNEEYSLWVYQCNSLEQAQAICKVLSTAFDSVLTSDK
72	O35671	S	107	Neutral	O35671_S107Neutral	TKSSGQSNSNLDTCAEFRIKYVGAIEKLAVSEGKSLEGPLDLINYIDVAQQDGKLPFVPLEEEFILGVSKYGIKVSTTDQHGVLHRHALYLIIRMVCYDDGLGAGKALLALKTTDASNEEYSLWVYQCNSLEQAQAICKVLSTAFDSVLTSDK
73	O54774	S	5	WT	O54774_S5WT	MVKGSIDRMFDKNLQDLVRGIRNHKEDEAKYISQCIDEIKQELKQDNIAVKANAVCKLTYLQMLGYDISWAAFNIIEVMSASKFTFKRVGYLAASQCFHEGTDVIMLTTNQIRKDLSSPSQYDTGVALTGLSCFVTPDLARDLANDIMTLMSHTKPYIRKKAVLIMYKVFLKYPESLRPAFPRLKEKLEDPDPGVQSAAVNVICELARRNPKNYLSLAPLFFKLMTSSTNNWVLIKIIKLFGALTPLEPRLGKKLIEPLTNLIHSTSAMSLLYECVNTVIAVLISLSSGMPNHSASIQLCVQKLR
74	O54774	S	5	E	O54774_S5E	MVKGEIDRMFDKNLQDLVRGIRNHKEDEAKYISQCIDEIKQELKQDNIAVKANAVCKLTYLQMLGYDISWAAFNIIEVMSASKFTFKRVGYLAASQCFHEGTDVIMLTTNQIRKDLSSPSQYDTGVALTGLSCFVTPDLARDLANDIMTLMSHTKPYIRKKAVLIMYKVFLKYPESLRPAFPRLKEKLEDPDPGVQSAAVNVICELARRNPKNYLSLAPLFFKLMTSSTNNWVLIKIIKLFGALTPLEPRLGKKLIEPLTNLIHSTSAMSLLYECVNTVIAVLISLSSGMPNHSASIQLCVQKLR
75	O54774	S	5	Neutral	O54774_S5Neutral	MVKGAIDRMFDKNLQDLVRGIRNHKEDEAKYISQCIDEIKQELKQDNIAVKANAVCKLTYLQMLGYDISWAAFNIIEVMSASKFTFKRVGYLAASQCFHEGTDVIMLTTNQIRKDLSSPSQYDTGVALTGLSCFVTPDLARDLANDIMTLMSHTKPYIRKKAVLIMYKVFLKYPESLRPAFPRLKEKLEDPDPGVQSAAVNVICELARRNPKNYLSLAPLFFKLMTSSTNNWVLIKIIKLFGALTPLEPRLGKKLIEPLTNLIHSTSAMSLLYECVNTVIAVLISLSSGMPNHSASIQLCVQKLR
76	O54786	S	8	WT	O54786_S8WT	MELSRGASAPDPDDVRPLKPCLLRRNHSRDQHGVAASSLEELRSKACELLAIDKSLTPITLVLAEDGTIVDDDDYFLCLPSNTKFVALACNEKWIYNDSD
77	O54786	S	8	E	O54786_S8E	MELSRGAEAPDPDDVRPLKPCLLRRNHSRDQHGVAASSLEELRSKACELLAIDKSLTPITLVLAEDGTIVDDDDYFLCLPSNTKFVALACNEKWIYNDSD
78	O54786	S	8	Neutral	O54786_S8Neutral	MELSRGAAAPDPDDVRPLKPCLLRRNHSRDQHGVAASSLEELRSKACELLAIDKSLTPITLVLAEDGTIVDDDDYFLCLPSNTKFVALACNEKWIYNDSD
79	O54916	S	7	WT	O54916_S7WT	EIRRQSSSYEDPWKITDEQRQYYVNQFKTIQPDLNGFIPGSAAKEFFTKSKLPILELSHIWELSDFDKDGALTLDEFCAAFHLVVARKNGYDLPEKLPESLMPKLIDL
80	O54916	S	7	E	O54916_S7E	EIRRQSESYEDPWKITDEQRQYYVNQFKTIQPDLNGFIPGSAAKEFFTKSKLPILELSHIWELSDFDKDGALTLDEFCAAFHLVVARKNGYDLPEKLPESLMPKLIDL
81	O54916	S	7	Neutral	O54916_S7Neutral	EIRRQSASYEDPWKITDEQRQYYVNQFKTIQPDLNGFIPGSAAKEFFTKSKLPILELSHIWELSDFDKDGALTLDEFCAAFHLVVARKNGYDLPEKLPESLMPKLIDL
82	O54916	S	8	WT	O54916_S8WT	EIRRQSSSYEDPWKITDEQRQYYVNQFKTIQPDLNGFIPGSAAKEFFTKSKLPILELSHIWELSDFDKDGALTLDEFCAAFHLVVARKNGYDLPEKLPESLMPKLIDL
83	O54916	S	8	E	O54916_S8E	EIRRQSSEYEDPWKITDEQRQYYVNQFKTIQPDLNGFIPGSAAKEFFTKSKLPILELSHIWELSDFDKDGALTLDEFCAAFHLVVARKNGYDLPEKLPESLMPKLIDL
84	O54916	S	8	Neutral	O54916_S8Neutral	EIRRQSSAYEDPWKITDEQRQYYVNQFKTIQPDLNGFIPGSAAKEFFTKSKLPILELSHIWELSDFDKDGALTLDEFCAAFHLVVARKNGYDLPEKLPESLMPKLIDL
85	O70433	S	22	WT	O70433_S22WT	YAKKCAGCTNPISGLGGTKYISFEERQWHNDCFNCKKCSLSLVGRGFLTERDDILCPDCGKDI
86	O70433	S	22	E	O70433_S22E	YAKKCAGCTNPISGLGGTKYIEFEERQWHNDCFNCKKCSLSLVGRGFLTERDDILCPDCGKDI
87	O70433	S	22	Neutral	O70433_S22Neutral	YAKKCAGCTNPISGLGGTKYIAFEERQWHNDCFNCKKCSLSLVGRGFLTERDDILCPDCGKDI
88	O70443	S	3	WT	O70443_S3WT	LRSESQRQRREIKLLLLGTSNSGKSTIVKQMKIIHSGGFNLD
89	O70443	S	3	E	O70443_S3E	LREESQRQRREIKLLLLGTSNSGKSTIVKQMKIIHSGGFNLD
90	O70443	S	3	Neutral	O70443_S3Neutral	LRAESQRQRREIKLLLLGTSNSGKSTIVKQMKIIHSGGFNLD
91	O70443	S	5	WT	O70443_S5WT	LRSESQRQRREIKLLLLGTSNSGKSTIVKQMKIIHSGGFNLD
92	O70443	S	5	E	O70443_S5E	LRSEEQRQRREIKLLLLGTSNSGKSTIVKQMKIIHSGGFNLD
93	O70443	S	5	Neutral	O70443_S5Neutral	LRSEAQRQRREIKLLLLGTSNSGKSTIVKQMKIIHSGGFNLD
94	O70451	S	197	WT	O70451_S197WT	GWGWVVVCASFISIGFSYAFPKAVTVFFKDIQEIFNTTSSQIAWISSIMLAVMYAGGPISSVLVNNYGSRPVVIVGGLLCCIGMILASYSNSVIELYLTVGFIGGLGLAFNLQPALTIIGKYFYRRRPLANGCAMAGSPVFLSTLAPFNQYLFNNYGWKGSFLILGGIFLHSCVAGCLMRPVGPSPNTKKSKSKVGSRHDSTLKKASKVSTAQKVNRFLDFSLFMHRGFLIYLSGNVILFLGIFAPIIFLAQYAKHIGVDDYNSAFLLSVMAFIDMFARPSVGLIANTSLIRPRIQYLFSSAIIFTGICHLLCPLATTYSALVVYVVFFGLGFGSISSLLFECLMDIVGATRFSSAVGLTTIVECCPVLFGPPLAGKLLDITGEYKYLYIASGTVVLVSGTYLLI
95	O70451	S	197	E	O70451_S197E	GWGWVVVCASFISIGFSYAFPKAVTVFFKDIQEIFNTTSSQIAWISSIMLAVMYAGGPISSVLVNNYGSRPVVIVGGLLCCIGMILASYSNSVIELYLTVGFIGGLGLAFNLQPALTIIGKYFYRRRPLANGCAMAGSPVFLSTLAPFNQYLFNNYGWKGSFLILGGIFLHSCVAGCLMRPVGPSPNTKKSKSKVGERHDSTLKKASKVSTAQKVNRFLDFSLFMHRGFLIYLSGNVILFLGIFAPIIFLAQYAKHIGVDDYNSAFLLSVMAFIDMFARPSVGLIANTSLIRPRIQYLFSSAIIFTGICHLLCPLATTYSALVVYVVFFGLGFGSISSLLFECLMDIVGATRFSSAVGLTTIVECCPVLFGPPLAGKLLDITGEYKYLYIASGTVVLVSGTYLLI
96	O70451	S	197	Neutral	O70451_S197Neutral	GWGWVVVCASFISIGFSYAFPKAVTVFFKDIQEIFNTTSSQIAWISSIMLAVMYAGGPISSVLVNNYGSRPVVIVGGLLCCIGMILASYSNSVIELYLTVGFIGGLGLAFNLQPALTIIGKYFYRRRPLANGCAMAGSPVFLSTLAPFNQYLFNNYGWKGSFLILGGIFLHSCVAGCLMRPVGPSPNTKKSKSKVGARHDSTLKKASKVSTAQKVNRFLDFSLFMHRGFLIYLSGNVILFLGIFAPIIFLAQYAKHIGVDDYNSAFLLSVMAFIDMFARPSVGLIANTSLIRPRIQYLFSSAIIFTGICHLLCPLATTYSALVVYVVFFGLGFGSISSLLFECLMDIVGATRFSSAVGLTTIVECCPVLFGPPLAGKLLDITGEYKYLYIASGTVVLVSGTYLLI
97	O70451	S	201	WT	O70451_S201WT	GWGWVVVCASFISIGFSYAFPKAVTVFFKDIQEIFNTTSSQIAWISSIMLAVMYAGGPISSVLVNNYGSRPVVIVGGLLCCIGMILASYSNSVIELYLTVGFIGGLGLAFNLQPALTIIGKYFYRRRPLANGCAMAGSPVFLSTLAPFNQYLFNNYGWKGSFLILGGIFLHSCVAGCLMRPVGPSPNTKKSKSKVGSRHDSTLKKASKVSTAQKVNRFLDFSLFMHRGFLIYLSGNVILFLGIFAPIIFLAQYAKHIGVDDYNSAFLLSVMAFIDMFARPSVGLIANTSLIRPRIQYLFSSAIIFTGICHLLCPLATTYSALVVYVVFFGLGFGSISSLLFECLMDIVGATRFSSAVGLTTIVECCPVLFGPPLAGKLLDITGEYKYLYIASGTVVLVSGTYLLI
98	O70451	S	201	E	O70451_S201E	GWGWVVVCASFISIGFSYAFPKAVTVFFKDIQEIFNTTSSQIAWISSIMLAVMYAGGPISSVLVNNYGSRPVVIVGGLLCCIGMILASYSNSVIELYLTVGFIGGLGLAFNLQPALTIIGKYFYRRRPLANGCAMAGSPVFLSTLAPFNQYLFNNYGWKGSFLILGGIFLHSCVAGCLMRPVGPSPNTKKSKSKVGSRHDETLKKASKVSTAQKVNRFLDFSLFMHRGFLIYLSGNVILFLGIFAPIIFLAQYAKHIGVDDYNSAFLLSVMAFIDMFARPSVGLIANTSLIRPRIQYLFSSAIIFTGICHLLCPLATTYSALVVYVVFFGLGFGSISSLLFECLMDIVGATRFSSAVGLTTIVECCPVLFGPPLAGKLLDITGEYKYLYIASGTVVLVSGTYLLI
99	O70451	S	201	Neutral	O70451_S201Neutral	GWGWVVVCASFISIGFSYAFPKAVTVFFKDIQEIFNTTSSQIAWISSIMLAVMYAGGPISSVLVNNYGSRPVVIVGGLLCCIGMILASYSNSVIELYLTVGFIGGLGLAFNLQPALTIIGKYFYRRRPLANGCAMAGSPVFLSTLAPFNQYLFNNYGWKGSFLILGGIFLHSCVAGCLMRPVGPSPNTKKSKSKVGSRHDATLKKASKVSTAQKVNRFLDFSLFMHRGFLIYLSGNVILFLGIFAPIIFLAQYAKHIGVDDYNSAFLLSVMAFIDMFARPSVGLIANTSLIRPRIQYLFSSAIIFTGICHLLCPLATTYSALVVYVVFFGLGFGSISSLLFECLMDIVGATRFSSAVGLTTIVECCPVLFGPPLAGKLLDITGEYKYLYIASGTVVLVSGTYLLI
100	O70589	S	4	WT	O70589_S4WT	QSSSCERDSPSTSRQSPANGHSSTNNSVSDLPSTTQPKGRQIYVRAQFEYDPAKDDLIPCKEAGIRFRVGDIIQIISKDDHNWWQGKLENSKNGTAGLIPSPELQEWRVACIAMEKTKQEQQASCTWFGKKKKQYKDKYLAKHNAVFDQLDLV
101	O70589	S	4	E	O70589_S4E	QSSECERDSPSTSRQSPANGHSSTNNSVSDLPSTTQPKGRQIYVRAQFEYDPAKDDLIPCKEAGIRFRVGDIIQIISKDDHNWWQGKLENSKNGTAGLIPSPELQEWRVACIAMEKTKQEQQASCTWFGKKKKQYKDKYLAKHNAVFDQLDLV
102	O70589	S	4	Neutral	O70589_S4Neutral	QSSACERDSPSTSRQSPANGHSSTNNSVSDLPSTTQPKGRQIYVRAQFEYDPAKDDLIPCKEAGIRFRVGDIIQIISKDDHNWWQGKLENSKNGTAGLIPSPELQEWRVACIAMEKTKQEQQASCTWFGKKKKQYKDKYLAKHNAVFDQLDLV
103	O70589	S	9	WT	O70589_S9WT	QSSSCERDSPSTSRQSPANGHSSTNNSVSDLPSTTQPKGRQIYVRAQFEYDPAKDDLIPCKEAGIRFRVGDIIQIISKDDHNWWQGKLENSKNGTAGLIPSPELQEWRVACIAMEKTKQEQQASCTWFGKKKKQYKDKYLAKHNAVFDQLDLV
104	O70589	S	9	E	O70589_S9E	QSSSCERDEPSTSRQSPANGHSSTNNSVSDLPSTTQPKGRQIYVRAQFEYDPAKDDLIPCKEAGIRFRVGDIIQIISKDDHNWWQGKLENSKNGTAGLIPSPELQEWRVACIAMEKTKQEQQASCTWFGKKKKQYKDKYLAKHNAVFDQLDLV
105	O70589	S	9	Neutral	O70589_S9Neutral	QSSSCERDAPSTSRQSPANGHSSTNNSVSDLPSTTQPKGRQIYVRAQFEYDPAKDDLIPCKEAGIRFRVGDIIQIISKDDHNWWQGKLENSKNGTAGLIPSPELQEWRVACIAMEKTKQEQQASCTWFGKKKKQYKDKYLAKHNAVFDQLDLV
106	O88569	S	87	WT	O88569_S87WT	EKEQFRKLFIGGLSFETTEESLRNYYEQWGKLTDCVVMRDPASKRSRGFGFVTFSSMAEVDAAMAARPHSIDGRVVEPKRAVAREES
107	O88569	S	87	E	O88569_S87E	EKEQFRKLFIGGLSFETTEESLRNYYEQWGKLTDCVVMRDPASKRSRGFGFVTFSSMAEVDAAMAARPHSIDGRVVEPKRAVAREEE
108	O88569	S	87	Neutral	O88569_S87Neutral	EKEQFRKLFIGGLSFETTEESLRNYYEQWGKLTDCVVMRDPASKRSRGFGFVTFSSMAEVDAAMAARPHSIDGRVVEPKRAVAREEA
109	O88569	S	107	WT	O88569_S107WT	GAHVTVKKLFVGGIKEDTEEHHLRDYFEEYGKIDTIEIITDRQSGKKRGFGFVTFDDHDPVDKIVLQKYHTINGHNAEVRKALSRQEMQEVQSSRSGRGGNFGFGDSRGGG
110	O88569	S	107	E	O88569_S107E	GAHVTVKKLFVGGIKEDTEEHHLRDYFEEYGKIDTIEIITDRQSGKKRGFGFVTFDDHDPVDKIVLQKYHTINGHNAEVRKALSRQEMQEVQSSRSGRGGNFGFGDERGGG
111	O88569	S	107	Neutral	O88569_S107Neutral	GAHVTVKKLFVGGIKEDTEEHHLRDYFEEYGKIDTIEIITDRQSGKKRGFGFVTFDDHDPVDKIVLQKYHTINGHNAEVRKALSRQEMQEVQSSRSGRGGNFGFGDARGGG
112	O88809	T	43	WT	O88809_T43WT	ARENKDFVRPKLVTIIRSGVKPRKAVRVLLNKKTAHSFEQVLTDITEAIKLETGVVKKLYTLDGKQVTCLHDFFGDDDVFIACGPEKFRYA
113	O88809	T	43	E	O88809_T43E	ARENKDFVRPKLVTIIRSGVKPRKAVRVLLNKKTAHSFEQVLEDITEAIKLETGVVKKLYTLDGKQVTCLHDFFGDDDVFIACGPEKFRYA
114	O88809	T	43	Neutral	O88809_T43Neutral	ARENKDFVRPKLVTIIRSGVKPRKAVRVLLNKKTAHSFEQVLADITEAIKLETGVVKKLYTLDGKQVTCLHDFFGDDDVFIACGPEKFRYA
115	O89086	S	71	WT	O89086_S71WT	MSSEEGKLFVGGLNFNTDEQALEDHFSSFGPISEVVVVKDRETQRSRGFGFITFTNPEHASDAMRAMNGESLDGRQIRVDHAGKSARGSRGGAFGGRGRSYSRGGGDQGYGSGRYDSRPGGYG
116	O89086	S	71	E	O89086_S71E	MSSEEGKLFVGGLNFNTDEQALEDHFSSFGPISEVVVVKDRETQRSRGFGFITFTNPEHASDAMRAMNGEELDGRQIRVDHAGKSARGSRGGAFGGRGRSYSRGGGDQGYGSGRYDSRPGGYG
117	O89086	S	71	Neutral	O89086_S71Neutral	MSSEEGKLFVGGLNFNTDEQALEDHFSSFGPISEVVVVKDRETQRSRGFGFITFTNPEHASDAMRAMNGEALDGRQIRVDHAGKSARGSRGGAFGGRGRSYSRGGGDQGYGSGRYDSRPGGYG
118	P13405	S	19	WT	P13405_S19WT	PTLSPIPHIPRSPYKFSSSPLRIPGGNIYISPL
119	P13405	S	19	E	P13405_S19E	PTLSPIPHIPRSPYKFSSEPLRIPGGNIYISPL
120	P13405	S	19	Neutral	P13405_S19Neutral	PTLSPIPHIPRSPYKFSSAPLRIPGGNIYISPL
121	P13405	S	31	WT	P13405_S31WT	PTLSPIPHIPRSPYKFSSSPLRIPGGNIYISPL
122	P13405	S	31	E	P13405_S31E	PTLSPIPHIPRSPYKFSSSPLRIPGGNIYIEPL
123	P13405	S	31	Neutral	P13405_S31Neutral	PTLSPIPHIPRSPYKFSSSPLRIPGGNIYIAPL
124	P16951-2	S	26	WT	P16951-2_S26WT	KRRKFLERNRAAASRCRQKRKVWVQSLEKKAEDLSSLNGQLQSEVTLLRNEVAQLKQLLLA
125	P16951-2	S	26	E	P16951-2_S26E	KRRKFLERNRAAASRCRQKRKVWVQELEKKAEDLSSLNGQLQSEVTLLRNEVAQLKQLLLA
126	P16951-2	S	26	Neutral	P16951-2_S26Neutral	KRRKFLERNRAAASRCRQKRKVWVQALEKKAEDLSSLNGQLQSEVTLLRNEVAQLKQLLLA
127	P18654	T	118	WT	P18654_T118WT	IEILLRYGQHPNIITLKDVYDDGKYVYVVTELMKGGELLDKILRQKFFSEREASAVLFTITKTVEYLHAQGVVHRDLKPSNILYVDESGNPESIRICDFGFAKQLRAENGLLMTPCYTANFVAPEVLKRQGYDAACDIWSLGVLLYTMLTGYTPFANGPDDTPEEILARIGSGKFSLSGGYWNSVSDTAKDLVSKMLHVDPHQRLTAALVLRHPWIVHWDQLPQYQLNRQDAPHLVKGAMAATYSALNRNQSPVLEPV
128	P18654	T	118	E	P18654_T118E	IEILLRYGQHPNIITLKDVYDDGKYVYVVTELMKGGELLDKILRQKFFSEREASAVLFTITKTVEYLHAQGVVHRDLKPSNILYVDESGNPESIRICDFGFAKQLRAENGLLMTPCYEANFVAPEVLKRQGYDAACDIWSLGVLLYTMLTGYTPFANGPDDTPEEILARIGSGKFSLSGGYWNSVSDTAKDLVSKMLHVDPHQRLTAALVLRHPWIVHWDQLPQYQLNRQDAPHLVKGAMAATYSALNRNQSPVLEPV
129	P18654	T	118	Neutral	P18654_T118Neutral	IEILLRYGQHPNIITLKDVYDDGKYVYVVTELMKGGELLDKILRQKFFSEREASAVLFTITKTVEYLHAQGVVHRDLKPSNILYVDESGNPESIRICDFGFAKQLRAENGLLMTPCYAANFVAPEVLKRQGYDAACDIWSLGVLLYTMLTGYTPFANGPDDTPEEILARIGSGKFSLSGGYWNSVSDTAKDLVSKMLHVDPHQRLTAALVLRHPWIVHWDQLPQYQLNRQDAPHLVKGAMAATYSALNRNQSPVLEPV
130	P20065-2	T	32	WT	P20065-2_T32WT	DKPDMAEIEKFDKSKLKKTETQEKNPLPSKETIEQEKQA
131	P20065-2	T	32	E	P20065-2_T32E	DKPDMAEIEKFDKSKLKKTETQEKNPLPSKEEIEQEKQA
132	P20065-2	T	32	Neutral	P20065-2_T32Neutral	DKPDMAEIEKFDKSKLKKTETQEKNPLPSKEAIEQEKQA
133	P27671	S	48	WT	P27671_S48WT	RKNLAIERMITEGCEILLDTSQTFVRQGSLMQMSLSEKSKSSRGRLGSLSTKKEGERQCFLFSKHLIICTRGSGGKLHLTKNGVISLIDCTLLDEPENLDDEAKGAGPEIEHLEFKIGVEPKDSLPFTVILVASTRQEKAAWTSDIIQCVDNIRCNGLMMNAFEENSKVTVPQMIKS
134	P27671	S	48	E	P27671_S48E	RKNLAIERMITEGCEILLDTSQTFVRQGSLMQMSLSEKSKSSRGRLGELSTKKEGERQCFLFSKHLIICTRGSGGKLHLTKNGVISLIDCTLLDEPENLDDEAKGAGPEIEHLEFKIGVEPKDSLPFTVILVASTRQEKAAWTSDIIQCVDNIRCNGLMMNAFEENSKVTVPQMIKS
135	P27671	S	48	Neutral	P27671_S48Neutral	RKNLAIERMITEGCEILLDTSQTFVRQGSLMQMSLSEKSKSSRGRLGALSTKKEGERQCFLFSKHLIICTRGSGGKLHLTKNGVISLIDCTLLDEPENLDDEAKGAGPEIEHLEFKIGVEPKDSLPFTVILVASTRQEKAAWTSDIIQCVDNIRCNGLMMNAFEENSKVTVPQMIKS
136	P31254	T	131	WT	P31254_T131WT	DPPEKSIPICTLKNFPNAIEHTVQWARDEFEGLFKQSAENVNQYLTDPKFMERTLQLAGTQPLEVLEAIHCSLVLQRPQTWADCVTWAYQHWHTQYSHNIQQLLHNFPPAQLTSSGALFWSGPKRCPHPLTFDINNPLHLDYVMAAANLFAQTYGLGGSQDCAVVAKLLQSLPVPKFAPKSGIRIHVSEQELQSTSATTIDDSHLEELKTALPTPDKLLGFKMYPIDFEKDDDSNFHMDFIVAASNLRAENYGISPADRHKSKLIAGKII
137	P31254	T	131	E	P31254_T131E	DPPEKSIPICTLKNFPNAIEHTVQWARDEFEGLFKQSAENVNQYLTDPKFMERTLQLAGTQPLEVLEAIHCSLVLQRPQTWADCVTWAYQHWHTQYSHNIQQLLHNFPPAQLTSSGALFWSGPKRCPHPLEFDINNPLHLDYVMAAANLFAQTYGLGGSQDCAVVAKLLQSLPVPKFAPKSGIRIHVSEQELQSTSATTIDDSHLEELKTALPTPDKLLGFKMYPIDFEKDDDSNFHMDFIVAASNLRAENYGISPADRHKSKLIAGKII
138	P31254	T	131	Neutral	P31254_T131Neutral	DPPEKSIPICTLKNFPNAIEHTVQWARDEFEGLFKQSAENVNQYLTDPKFMERTLQLAGTQPLEVLEAIHCSLVLQRPQTWADCVTWAYQHWHTQYSHNIQQLLHNFPPAQLTSSGALFWSGPKRCPHPLAFDINNPLHLDYVMAAANLFAQTYGLGGSQDCAVVAKLLQSLPVPKFAPKSGIRIHVSEQELQSTSATTIDDSHLEELKTALPTPDKLLGFKMYPIDFEKDDDSNFHMDFIVAASNLRAENYGISPADRHKSKLIAGKII
139	P47809	S	2	WT	P47809_S2WT	HSIESSGKLKISPEQHWDFTAEDLKDLGEIGRGAYGSVNKMVHKPSGQIMAVKRIRSTVDEKEQKQLLMDLDVVMRSSDCPYIVQFYGALFREGDCWICMELM
140	P47809	S	2	E	P47809_S2E	HEIESSGKLKISPEQHWDFTAEDLKDLGEIGRGAYGSVNKMVHKPSGQIMAVKRIRSTVDEKEQKQLLMDLDVVMRSSDCPYIVQFYGALFREGDCWICMELM
141	P47809	S	2	Neutral	P47809_S2Neutral	HAIESSGKLKISPEQHWDFTAEDLKDLGEIGRGAYGSVNKMVHKPSGQIMAVKRIRSTVDEKEQKQLLMDLDVVMRSSDCPYIVQFYGALFREGDCWICMELM
142	P51612	S	213	WT	P51612_S213WT	YLRRMMKRFNKEVQENMHKVHLLCLLASGFYRNSICRQPDLLAIGLSIIPIRFTKVPLQDRDAYYLSNLVKWFIGTFTVNADLSASEQDDLQTTLERRIAIYSARDNEELVHIFLLILRALQLLTRLVLSLQPIPLKSAVTKGRKSSKETSVEGPGGSSELSSNSPESHNKPTTSRRIKEEETLSEGRGKATARGKRGTGTAGSRQRRKPSCSEGEEAEQKVQGRPHARKRR
143	P51612	S	213	E	P51612_S213E	YLRRMMKRFNKEVQENMHKVHLLCLLASGFYRNSICRQPDLLAIGLSIIPIRFTKVPLQDRDAYYLSNLVKWFIGTFTVNADLSASEQDDLQTTLERRIAIYSARDNEELVHIFLLILRALQLLTRLVLSLQPIPLKSAVTKGRKSSKETSVEGPGGSSELSSNSPESHNKPTTSRRIKEEETLSEGRGKATARGKRGTGTAGSRQRRKPSCEEGEEAEQKVQGRPHARKRR
144	P51612	S	213	Neutral	P51612_S213Neutral	YLRRMMKRFNKEVQENMHKVHLLCLLASGFYRNSICRQPDLLAIGLSIIPIRFTKVPLQDRDAYYLSNLVKWFIGTFTVNADLSASEQDDLQTTLERRIAIYSARDNEELVHIFLLILRALQLLTRLVLSLQPIPLKSAVTKGRKSSKETSVEGPGGSSELSSNSPESHNKPTTSRRIKEEETLSEGRGKATARGKRGTGTAGSRQRRKPSCAEGEEAEQKVQGRPHARKRR
145	P54276	S	13	WT	P54276_S13WT	EAKDLNGGLRRASSSAQAVPPSSCDFSPGDLVWAKMEGYPWWPCLVYNHPFDGTFIRKKGKSVRVHVQFFDDSPTRGWVSKRMLKPYTGSKSKEAQKGGHFYSSKSEILRAMQRADEALSKDTAERLQLAVCDEPSE
146	P54276	S	13	E	P54276_S13E	EAKDLNGGLRRAESSAQAVPPSSCDFSPGDLVWAKMEGYPWWPCLVYNHPFDGTFIRKKGKSVRVHVQFFDDSPTRGWVSKRMLKPYTGSKSKEAQKGGHFYSSKSEILRAMQRADEALSKDTAERLQLAVCDEPSE
147	P54276	S	13	Neutral	P54276_S13Neutral	EAKDLNGGLRRAASSAQAVPPSSCDFSPGDLVWAKMEGYPWWPCLVYNHPFDGTFIRKKGKSVRVHVQFFDDSPTRGWVSKRMLKPYTGSKSKEAQKGGHFYSSKSEILRAMQRADEALSKDTAERLQLAVCDEPSE
148	P54276	S	14	WT	P54276_S14WT	EAKDLNGGLRRASSSAQAVPPSSCDFSPGDLVWAKMEGYPWWPCLVYNHPFDGTFIRKKGKSVRVHVQFFDDSPTRGWVSKRMLKPYTGSKSKEAQKGGHFYSSKSEILRAMQRADEALSKDTAERLQLAVCDEPSE
149	P54276	S	14	E	P54276_S14E	EAKDLNGGLRRASESAQAVPPSSCDFSPGDLVWAKMEGYPWWPCLVYNHPFDGTFIRKKGKSVRVHVQFFDDSPTRGWVSKRMLKPYTGSKSKEAQKGGHFYSSKSEILRAMQRADEALSKDTAERLQLAVCDEPSE
150	P54276	S	14	Neutral	P54276_S14Neutral	EAKDLNGGLRRASASAQAVPPSSCDFSPGDLVWAKMEGYPWWPCLVYNHPFDGTFIRKKGKSVRVHVQFFDDSPTRGWVSKRMLKPYTGSKSKEAQKGGHFYSSKSEILRAMQRADEALSKDTAERLQLAVCDEPSE
151	P56959	S	74	WT	P56959_S74WT	GPRDQGSRHDSEQDNSDNNTIFVQGLGENVTIESVADYFKQIGIIKTNKKTGQPMINLYTDRETGKLKGEATVSFDDPPSAKAAIDWFDGKEFSGNPIKVSFATRRADFNRGGGNGRGGRGRGG
152	P56959	S	74	E	P56959_S74E	GPRDQGSRHDSEQDNSDNNTIFVQGLGENVTIESVADYFKQIGIIKTNKKTGQPMINLYTDRETGKLKGEATVEFDDPPSAKAAIDWFDGKEFSGNPIKVSFATRRADFNRGGGNGRGGRGRGG
153	P56959	S	74	Neutral	P56959_S74Neutral	GPRDQGSRHDSEQDNSDNNTIFVQGLGENVTIESVADYFKQIGIIKTNKKTGQPMINLYTDRETGKLKGEATVAFDDPPSAKAAIDWFDGKEFSGNPIKVSFATRRADFNRGGGNGRGGRGRGG
154	P59997	S	95	WT	P59997_S95WT	FYYEMCWYVLERYVYCITNRSHLTKDFQKESLSMDMELNELESGNGDEEGVDREARRMNNKRSVLTSPVANGVNLDYDGLGKACRSLPSLKKTLSGD
155	P59997	S	95	E	P59997_S95E	FYYEMCWYVLERYVYCITNRSHLTKDFQKESLSMDMELNELESGNGDEEGVDREARRMNNKRSVLTSPVANGVNLDYDGLGKACRSLPSLKKTLEGD
156	P59997	S	95	Neutral	P59997_S95Neutral	FYYEMCWYVLERYVYCITNRSHLTKDFQKESLSMDMELNELESGNGDEEGVDREARRMNNKRSVLTSPVANGVNLDYDGLGKACRSLPSLKKTLAGD
157	P60824	S	13	WT	P60824_S13WT	ASDEGKLFVGGLSFDTNEQALEQVFSKYGQISEVVVVKDRETQRSRGFGFVTFENIDDAKDAMMAMNGKSVDGRQIRVDQAGKSSDNRSRGYRGGSAGGRGFF
158	P60824	S	13	E	P60824_S13E	ASDEGKLFVGGLEFDTNEQALEQVFSKYGQISEVVVVKDRETQRSRGFGFVTFENIDDAKDAMMAMNGKSVDGRQIRVDQAGKSSDNRSRGYRGGSAGGRGFF
159	P60824	S	13	Neutral	P60824_S13Neutral	ASDEGKLFVGGLAFDTNEQALEQVFSKYGQISEVVVVKDRETQRSRGFGFVTFENIDDAKDAMMAMNGKSVDGRQIRVDQAGKSSDNRSRGYRGGSAGGRGFF
160	P62823	S	13	WT	P62823_S13WT	SAQDARFGQKDSSDQNFDYMFKLLIIGNSSVGKTSFLFRYADDSFTSAFVSTVGIDFKVKTVFKNEKRIKLQIWDTAGQERYRTITTAYYRGAMGFILMYDITNEESFNAVQDWSTQIKTYSWDNAQVILAGNKCDMEDERVVSTERGQRLGEQLGFEFFETSAKDNINVKQTFERLVDIICDKMSE
161	P62823	S	13	E	P62823_S13E	SAQDARFGQKDSEDQNFDYMFKLLIIGNSSVGKTSFLFRYADDSFTSAFVSTVGIDFKVKTVFKNEKRIKLQIWDTAGQERYRTITTAYYRGAMGFILMYDITNEESFNAVQDWSTQIKTYSWDNAQVILAGNKCDMEDERVVSTERGQRLGEQLGFEFFETSAKDNINVKQTFERLVDIICDKMSE
162	P62823	S	13	Neutral	P62823_S13Neutral	SAQDARFGQKDSADQNFDYMFKLLIIGNSSVGKTSFLFRYADDSFTSAFVSTVGIDFKVKTVFKNEKRIKLQIWDTAGQERYRTITTAYYRGAMGFILMYDITNEESFNAVQDWSTQIKTYSWDNAQVILAGNKCDMEDERVVSTERGQRLGEQLGFEFFETSAKDNINVKQTFERLVDIICDKMSE
163	P63085	T	78	WT	P63085_T78WT	METDLYKLLKTQHLSNDHICYFLYQILRGLKYIHSANVLHRDLKPSNLLLNTTCDLKICDFGLARVADPDHDHTGFLTEYVATRWYRAPEIMLNSKGYTKSIDIWSVGCILAEMLSNRPIFPGKHYLDQLNHILGILGSPSQEDLNCIINLKARNYLLSLPHKNKVPWNRLFPNADSKALDLLDKMLTFNPHKRIEVEQALAHPYLEQYYDPSDEPIAEAPFK
164	P63085	T	78	E	P63085_T78E	METDLYKLLKTQHLSNDHICYFLYQILRGLKYIHSANVLHRDLKPSNLLLNTTCDLKICDFGLARVADPDHDHTGFLEEYVATRWYRAPEIMLNSKGYTKSIDIWSVGCILAEMLSNRPIFPGKHYLDQLNHILGILGSPSQEDLNCIINLKARNYLLSLPHKNKVPWNRLFPNADSKALDLLDKMLTFNPHKRIEVEQALAHPYLEQYYDPSDEPIAEAPFK
165	P63085	T	78	Neutral	P63085_T78Neutral	METDLYKLLKTQHLSNDHICYFLYQILRGLKYIHSANVLHRDLKPSNLLLNTTCDLKICDFGLARVADPDHDHTGFLAEYVATRWYRAPEIMLNSKGYTKSIDIWSVGCILAEMLSNRPIFPGKHYLDQLNHILGILGSPSQEDLNCIINLKARNYLLSLPHKNKVPWNRLFPNADSKALDLLDKMLTFNPHKRIEVEQALAHPYLEQYYDPSDEPIAEAPFK
166	P63154	Y	124	WT	P63154_Y124WT	ITLWLKYAEMEMKNRQVNHARNIWDRAITTLPRVNQFWYKYTYMEEMLGNVAGARQVFERWMEWQPEEQAWHSYINFELRYKEVERARTIYERFVLVHPAVKNWIKYARFEEKHAYFAHARKVYERAVEFFGDEHMDEHLYVAFAKFEENQKEFERVRVIYKYALDRISKQEAQELFKNYTIFEKKFGDRRGIEDIIVSKRR
167	P63154	Y	124	E	P63154_Y124E	ITLWLKYAEMEMKNRQVNHARNIWDRAITTLPRVNQFWYKYTYMEEMLGNVAGARQVFERWMEWQPEEQAWHSYINFELRYKEVERARTIYERFVLVHPAVKNWIKYARFEEKHAYFAHARKVEERAVEFFGDEHMDEHLYVAFAKFEENQKEFERVRVIYKYALDRISKQEAQELFKNYTIFEKKFGDRRGIEDIIVSKRR
168	P63154	Y	124	Neutral	P63154_Y124Neutral	ITLWLKYAEMEMKNRQVNHARNIWDRAITTLPRVNQFWYKYTYMEEMLGNVAGARQVFERWMEWQPEEQAWHSYINFELRYKEVERARTIYERFVLVHPAVKNWIKYARFEEKHAYFAHARKVFERAVEFFGDEHMDEHLYVAFAKFEENQKEFERVRVIYKYALDRISKQEAQELFKNYTIFEKKFGDRRGIEDIIVSKRR
169	P70392	S	14	WT	P70392_S14WT	KDDTDICFSKTLNSCKVPQIRYASVERLLERLTDLRFLSIDFLNTFLHTYRIFTTATVVLAKLSDIYKRPFTSIPVRSLELFFATSQNNRE
170	P70392	S	14	E	P70392_S14E	KDDTDICFSKTLNECKVPQIRYASVERLLERLTDLRFLSIDFLNTFLHTYRIFTTATVVLAKLSDIYKRPFTSIPVRSLELFFATSQNNRE
171	P70392	S	14	Neutral	P70392_S14Neutral	KDDTDICFSKTLNACKVPQIRYASVERLLERLTDLRFLSIDFLNTFLHTYRIFTTATVVLAKLSDIYKRPFTSIPVRSLELFFATSQNNRE
172	P98203	T	283	WT	P98203_T283WT	ELPEVLAMLRHPVDPVKANAAAYLQHLCFENEGIKRRVRQLRGLPLLVALLDHPRAEVRRRACGALRNLSYGRDTDNKAAIRDCGGVPALVRLLRAARDNEVRELVTGTLWNLSSYEPLKMVIIDHGLQTLTHEVIVPHSGWEREPNEDSKPRDAEWTTVFKNTSGCLRNVSSDGAEARRRLRECEGLVDALLHALQSAVGRKDTDNKSVENCVCIMRNLSYHVHKEVPGADRYQEAEPGIPGSTTSQRRRKDDASCFGGKKAKEEWFHQGKKDAEMDRNFDTLDLPKRTEAAKGFELLYQPEVVRLYLSLLTESRNFNTLEAAAGALQNLSAGNWTWATYIRATVRKERGLPVLVELLQSETDKVVRAVAIALRNLSLDQRNKDLIGSYAMTELVRNVRNAQAPAHPSAHLEEDTVVAVLNTIHEIVSDSLDNARSLLQARGVPALVALVASSQSVREAKAASHVLQTVWSYKELRGALQRDGWTKSRFQ
173	P98203	T	283	E	P98203_T283E	ELPEVLAMLRHPVDPVKANAAAYLQHLCFENEGIKRRVRQLRGLPLLVALLDHPRAEVRRRACGALRNLSYGRDTDNKAAIRDCGGVPALVRLLRAARDNEVRELVTGTLWNLSSYEPLKMVIIDHGLQTLTHEVIVPHSGWEREPNEDSKPRDAEWTTVFKNTSGCLRNVSSDGAEARRRLRECEGLVDALLHALQSAVGRKDTDNKSVENCVCIMRNLSYHVHKEVPGADRYQEAEPGIPGSTTSQRRRKDDASCFGGKKAKEEWFHQGKKDAEMDRNFDELDLPKRTEAAKGFELLYQPEVVRLYLSLLTESRNFNTLEAAAGALQNLSAGNWTWATYIRATVRKERGLPVLVELLQSETDKVVRAVAIALRNLSLDQRNKDLIGSYAMTELVRNVRNAQAPAHPSAHLEEDTVVAVLNTIHEIVSDSLDNARSLLQARGVPALVALVASSQSVREAKAASHVLQTVWSYKELRGALQRDGWTKSRFQ
174	P98203	T	283	Neutral	P98203_T283Neutral	ELPEVLAMLRHPVDPVKANAAAYLQHLCFENEGIKRRVRQLRGLPLLVALLDHPRAEVRRRACGALRNLSYGRDTDNKAAIRDCGGVPALVRLLRAARDNEVRELVTGTLWNLSSYEPLKMVIIDHGLQTLTHEVIVPHSGWEREPNEDSKPRDAEWTTVFKNTSGCLRNVSSDGAEARRRLRECEGLVDALLHALQSAVGRKDTDNKSVENCVCIMRNLSYHVHKEVPGADRYQEAEPGIPGSTTSQRRRKDDASCFGGKKAKEEWFHQGKKDAEMDRNFDALDLPKRTEAAKGFELLYQPEVVRLYLSLLTESRNFNTLEAAAGALQNLSAGNWTWATYIRATVRKERGLPVLVELLQSETDKVVRAVAIALRNLSLDQRNKDLIGSYAMTELVRNVRNAQAPAHPSAHLEEDTVVAVLNTIHEIVSDSLDNARSLLQARGVPALVALVASSQSVREAKAASHVLQTVWSYKELRGALQRDGWTKSRFQ
175	Q00422	S	20	WT	Q00422_S20WT	IKVINSSAKAAKVQRSPRISGEDRSSPGNRTGNNGQIQLWQFLLELLTDKDARDCISWVGDEGEFKLNQPELVAQKWGQRKNKPTMNYEKLSRALRYYYDGDMICKVQGKRFVYKFVCDLKTLIGYSAAELNRLVIE
176	Q00422	S	20	E	Q00422_S20E	IKVINSSAKAAKVQRSPRIEGEDRSSPGNRTGNNGQIQLWQFLLELLTDKDARDCISWVGDEGEFKLNQPELVAQKWGQRKNKPTMNYEKLSRALRYYYDGDMICKVQGKRFVYKFVCDLKTLIGYSAAELNRLVIE
177	Q00422	S	20	Neutral	Q00422_S20Neutral	IKVINSSAKAAKVQRSPRIAGEDRSSPGNRTGNNGQIQLWQFLLELLTDKDARDCISWVGDEGEFKLNQPELVAQKWGQRKNKPTMNYEKLSRALRYYYDGDMICKVQGKRFVYKFVCDLKTLIGYSAAELNRLVIE
178	Q0KL01	S	11	WT	Q0KL01_S11WT	IKPRLRFKAFSGEGQKLGSLTPEIVSTPSSPEEEDKSILNAAVLIDDSMPTTKIQIRLADGSRLVQRFNSTHRILDVRDFIVRSRPEFATTDFILVTSFPSKELTDETVTLQEADILNTVILQQLK
179	Q0KL01	S	11	E	Q0KL01_S11E	IKPRLRFKAFEGEGQKLGSLTPEIVSTPSSPEEEDKSILNAAVLIDDSMPTTKIQIRLADGSRLVQRFNSTHRILDVRDFIVRSRPEFATTDFILVTSFPSKELTDETVTLQEADILNTVILQQLK
180	Q0KL01	S	11	Neutral	Q0KL01_S11Neutral	IKPRLRFKAFAGEGQKLGSLTPEIVSTPSSPEEEDKSILNAAVLIDDSMPTTKIQIRLADGSRLVQRFNSTHRILDVRDFIVRSRPEFATTDFILVTSFPSKELTDETVTLQEADILNTVILQQLK
181	Q3TNH5	S	68	WT	Q3TNH5_S68WT	MVLIHGSGVVRAGQWARRLIINEDLDSGTQIPFIKRAMDEGYGVIVLNPNENYIEVEKQKMHKQSSSSDGTDEPAGKRERRDKVSKETKKRRDFYEKYRNPQKEKEMMQLFIRENGSPEEHAVYVWDHFIAQAAAENVFFVAHSYGGLAFVELMIQREADVKSKVTAVALTDSVHNVWHQEAGKTIREWMRENCCNWVSSSEPLDTSVESMLPDCPRVSAGTDRHELTSWKSFPSIFKFFAE
182	Q3TNH5	S	68	E	Q3TNH5_S68E	MVLIHGSGVVRAGQWARRLIINEDLDSGTQIPFIKRAMDEGYGVIVLNPNENYIEVEKQKMHKQSSSEDGTDEPAGKRERRDKVSKETKKRRDFYEKYRNPQKEKEMMQLFIRENGSPEEHAVYVWDHFIAQAAAENVFFVAHSYGGLAFVELMIQREADVKSKVTAVALTDSVHNVWHQEAGKTIREWMRENCCNWVSSSEPLDTSVESMLPDCPRVSAGTDRHELTSWKSFPSIFKFFAE
183	Q3TNH5	S	68	Neutral	Q3TNH5_S68Neutral	MVLIHGSGVVRAGQWARRLIINEDLDSGTQIPFIKRAMDEGYGVIVLNPNENYIEVEKQKMHKQSSSADGTDEPAGKRERRDKVSKETKKRRDFYEKYRNPQKEKEMMQLFIRENGSPEEHAVYVWDHFIAQAAAENVFFVAHSYGGLAFVELMIQREADVKSKVTAVALTDSVHNVWHQEAGKTIREWMRENCCNWVSSSEPLDTSVESMLPDCPRVSAGTDRHELTSWKSFPSIFKFFAE
184	Q3U0J8	T	76	WT	Q3U0J8_T76WT	DTLELLHQKDEQILGLSGQLERFGLEKESLQQEVRTLKSKVGELNERLGMLMETIQAKDEVIIKLSACEGSVSSPTLGPSSPLAIPASKDQLELDRLKDSLQGYKSQNKFLNKEILELSALRRNAERRERDLMAKYSSLEAKLCQVESKYLILLQEMKTPVCSEEQGPARDVIAQLLEDALQ
185	Q3U0J8	T	76	E	Q3U0J8_T76E	DTLELLHQKDEQILGLSGQLERFGLEKESLQQEVRTLKSKVGELNERLGMLMETIQAKDEVIIKLSACEGSVSSPELGPSSPLAIPASKDQLELDRLKDSLQGYKSQNKFLNKEILELSALRRNAERRERDLMAKYSSLEAKLCQVESKYLILLQEMKTPVCSEEQGPARDVIAQLLEDALQ
186	Q3U0J8	T	76	Neutral	Q3U0J8_T76Neutral	DTLELLHQKDEQILGLSGQLERFGLEKESLQQEVRTLKSKVGELNERLGMLMETIQAKDEVIIKLSACEGSVSSPALGPSSPLAIPASKDQLELDRLKDSLQGYKSQNKFLNKEILELSALRRNAERRERDLMAKYSSLEAKLCQVESKYLILLQEMKTPVCSEEQGPARDVIAQLLEDALQ
187	Q3U0J8	S	81	WT	Q3U0J8_S81WT	DTLELLHQKDEQILGLSGQLERFGLEKESLQQEVRTLKSKVGELNERLGMLMETIQAKDEVIIKLSACEGSVSSPTLGPSSPLAIPASKDQLELDRLKDSLQGYKSQNKFLNKEILELSALRRNAERRERDLMAKYSSLEAKLCQVESKYLILLQEMKTPVCSEEQGPARDVIAQLLEDALQ
188	Q3U0J8	S	81	E	Q3U0J8_S81E	DTLELLHQKDEQILGLSGQLERFGLEKESLQQEVRTLKSKVGELNERLGMLMETIQAKDEVIIKLSACEGSVSSPTLGPSEPLAIPASKDQLELDRLKDSLQGYKSQNKFLNKEILELSALRRNAERRERDLMAKYSSLEAKLCQVESKYLILLQEMKTPVCSEEQGPARDVIAQLLEDALQ
189	Q3U0J8	S	81	Neutral	Q3U0J8_S81Neutral	DTLELLHQKDEQILGLSGQLERFGLEKESLQQEVRTLKSKVGELNERLGMLMETIQAKDEVIIKLSACEGSVSSPTLGPSAPLAIPASKDQLELDRLKDSLQGYKSQNKFLNKEILELSALRRNAERRERDLMAKYSSLEAKLCQVESKYLILLQEMKTPVCSEEQGPARDVIAQLLEDALQ
190	Q3U2G2	T	123	WT	Q3U2G2_T123WT	REFSITDVVPYPISLRWNSPAEEGLSDCEVFPKNHAAPFSKVLTFYRKEPFTLEAYYSSPQDLPYPDPAIAQFSVQKVTPQSDGSSSKVKVKVRVNVHGIFSVSSAALVEVHKSEESEEPMETDQNAKEEEKMQVDQEEPHTEEQQQQPQ
191	Q3U2G2	T	123	E	Q3U2G2_T123E	REFSITDVVPYPISLRWNSPAEEGLSDCEVFPKNHAAPFSKVLTFYRKEPFTLEAYYSSPQDLPYPDPAIAQFSVQKVTPQSDGSSSKVKVKVRVNVHGIFSVSSAALVEVHKSEESEEPMEEDQNAKEEEKMQVDQEEPHTEEQQQQPQ
192	Q3U2G2	T	123	Neutral	Q3U2G2_T123Neutral	REFSITDVVPYPISLRWNSPAEEGLSDCEVFPKNHAAPFSKVLTFYRKEPFTLEAYYSSPQDLPYPDPAIAQFSVQKVTPQSDGSSSKVKVKVRVNVHGIFSVSSAALVEVHKSEESEEPMEADQNAKEEEKMQVDQEEPHTEEQQQQPQ
193	Q3UHD3	S	152	WT	Q3UHD3_S152WT	NHTVAITILQDDHDHKVQELMSTHEFEKKELEENFEKLRLTLQDQVDTLTFQSQSLRDRARRFEEALRKTTEEQLEIALAPYQHLEEDMQSLKQVLEMKNQQIHLQEKKIIELEKLVEKNIILEERIQVLQQQNEDLKARIDQNTVVTRQLSEENANLQEYVEKETQEKKRLSRTNEELLWKLQTGDPTSPIKLSPTSPVYRGSS
194	Q3UHD3	S	152	E	Q3UHD3_S152E	NHTVAITILQDDHDHKVQELMSTHEFEKKELEENFEKLRLTLQDQVDTLTFQSQSLRDRARRFEEALRKTTEEQLEIALAPYQHLEEDMQSLKQVLEMKNQQIHLQEKKIIELEKLVEKNIILEERIQVLQQQNEDLKARIDQNTVVTRQLEEENANLQEYVEKETQEKKRLSRTNEELLWKLQTGDPTSPIKLSPTSPVYRGSS
195	Q3UHD3	S	152	Neutral	Q3UHD3_S152Neutral	NHTVAITILQDDHDHKVQELMSTHEFEKKELEENFEKLRLTLQDQVDTLTFQSQSLRDRARRFEEALRKTTEEQLEIALAPYQHLEEDMQSLKQVLEMKNQQIHLQEKKIIELEKLVEKNIILEERIQVLQQQNEDLKARIDQNTVVTRQLAEENANLQEYVEKETQEKKRLSRTNEELLWKLQTGDPTSPIKLSPTSPVYRGSS
196	Q3UHD9	S	4	WT	Q3UHD9_S4WT	GDLSPLSREPPPSPMVKKQRRKKLSTPSKTEGSAVQAEAKRKMWKLKSFGSLRNIYKAEENFEFLIVSSTGQTWHFEAASFEERDAWVQAIESQILASL
197	Q3UHD9	S	4	E	Q3UHD9_S4E	GDLEPLSREPPPSPMVKKQRRKKLSTPSKTEGSAVQAEAKRKMWKLKSFGSLRNIYKAEENFEFLIVSSTGQTWHFEAASFEERDAWVQAIESQILASL
198	Q3UHD9	S	4	Neutral	Q3UHD9_S4Neutral	GDLAPLSREPPPSPMVKKQRRKKLSTPSKTEGSAVQAEAKRKMWKLKSFGSLRNIYKAEENFEFLIVSSTGQTWHFEAASFEERDAWVQAIESQILASL
199	Q3UHD9	S	48	WT	Q3UHD9_S48WT	GDLSPLSREPPPSPMVKKQRRKKLSTPSKTEGSAVQAEAKRKMWKLKSFGSLRNIYKAEENFEFLIVSSTGQTWHFEAASFEERDAWVQAIESQILASL
200	Q3UHD9	S	48	E	Q3UHD9_S48E	GDLSPLSREPPPSPMVKKQRRKKLSTPSKTEGSAVQAEAKRKMWKLKEFGSLRNIYKAEENFEFLIVSSTGQTWHFEAASFEERDAWVQAIESQILASL
201	Q3UHD9	S	48	Neutral	Q3UHD9_S48Neutral	GDLSPLSREPPPSPMVKKQRRKKLSTPSKTEGSAVQAEAKRKMWKLKAFGSLRNIYKAEENFEFLIVSSTGQTWHFEAASFEERDAWVQAIESQILASL
202	Q3UHD9	S	51	WT	Q3UHD9_S51WT	GDLSPLSREPPPSPMVKKQRRKKLSTPSKTEGSAVQAEAKRKMWKLKSFGSLRNIYKAEENFEFLIVSSTGQTWHFEAASFEERDAWVQAIESQILASL
203	Q3UHD9	S	51	E	Q3UHD9_S51E	GDLSPLSREPPPSPMVKKQRRKKLSTPSKTEGSAVQAEAKRKMWKLKSFGELRNIYKAEENFEFLIVSSTGQTWHFEAASFEERDAWVQAIESQILASL
204	Q3UHD9	S	51	Neutral	Q3UHD9_S51Neutral	GDLSPLSREPPPSPMVKKQRRKKLSTPSKTEGSAVQAEAKRKMWKLKSFGALRNIYKAEENFEFLIVSSTGQTWHFEAASFEERDAWVQAIESQILASL
205	Q3UVU3	S	148	WT	Q3UVU3_S148WT	RLLFMLVLTAAFFVAELVSGYLGNSIALLSDSFNMLSDLISLCVGLGSGYIARRGPRGSSATYGYVRAEVVGALSNAVFLTALCFTIFVEAVLRLARPERIDDPELVLIVGALGLAVNVVGLLIFQDCGACFSRCTRGRRTRPSQQPSQGDPRGALGCPQEAATATAPGSGTAVTLRGSSAGRKQQEGATVFSNVAGDSLNTENEPEETTKKEKKSEALNIRGVLLHVMGDALGSVVVVITAIIFYVQPLRREDPCNWQCYIDPSLTVVMVIIILSSAFPLIKETAVILL
206	Q3UVU3	S	148	E	Q3UVU3_S148E	RLLFMLVLTAAFFVAELVSGYLGNSIALLSDSFNMLSDLISLCVGLGSGYIARRGPRGSSATYGYVRAEVVGALSNAVFLTALCFTIFVEAVLRLARPERIDDPELVLIVGALGLAVNVVGLLIFQDCGACFSRCTRGRRTRPSQQPEQGDPRGALGCPQEAATATAPGSGTAVTLRGSSAGRKQQEGATVFSNVAGDSLNTENEPEETTKKEKKSEALNIRGVLLHVMGDALGSVVVVITAIIFYVQPLRREDPCNWQCYIDPSLTVVMVIIILSSAFPLIKETAVILL
207	Q3UVU3	S	148	Neutral	Q3UVU3_S148Neutral	RLLFMLVLTAAFFVAELVSGYLGNSIALLSDSFNMLSDLISLCVGLGSGYIARRGPRGSSATYGYVRAEVVGALSNAVFLTALCFTIFVEAVLRLARPERIDDPELVLIVGALGLAVNVVGLLIFQDCGACFSRCTRGRRTRPSQQPAQGDPRGALGCPQEAATATAPGSGTAVTLRGSSAGRKQQEGATVFSNVAGDSLNTENEPEETTKKEKKSEALNIRGVLLHVMGDALGSVVVVITAIIFYVQPLRREDPCNWQCYIDPSLTVVMVIIILSSAFPLIKETAVILL
208	Q3UYV9	T	21	WT	Q3UYV9_T21WT	MSRRRHSYENDGGQPHKRRKTSDANETEDHLESLICKVGEKSACSLESNLEGLAGVLEADLPNYKSKILRLLCTVARLLPEKLTIYTTLVGLLNARNYNFGGEFVEAMIRQLKESLKANNYNEAVYLVRFLSDLVNCHVIAAPSMVAMFENFVSVTQEEDVPQVRRDWYVYAFLSSLPWVGKELYEKKDAEMDRIFSTTESYLKRRQKTHVPMLQVWTADKPHPQEEYLDCLWAQIQKLKKDRWQERHILRPYLAFDSILCEALQHNLPPFTPPPHTEDSVYPMPRVIF
209	Q3UYV9	T	21	E	Q3UYV9_T21E	MSRRRHSYENDGGQPHKRRKESDANETEDHLESLICKVGEKSACSLESNLEGLAGVLEADLPNYKSKILRLLCTVARLLPEKLTIYTTLVGLLNARNYNFGGEFVEAMIRQLKESLKANNYNEAVYLVRFLSDLVNCHVIAAPSMVAMFENFVSVTQEEDVPQVRRDWYVYAFLSSLPWVGKELYEKKDAEMDRIFSTTESYLKRRQKTHVPMLQVWTADKPHPQEEYLDCLWAQIQKLKKDRWQERHILRPYLAFDSILCEALQHNLPPFTPPPHTEDSVYPMPRVIF
210	Q3UYV9	T	21	Neutral	Q3UYV9_T21Neutral	MSRRRHSYENDGGQPHKRRKASDANETEDHLESLICKVGEKSACSLESNLEGLAGVLEADLPNYKSKILRLLCTVARLLPEKLTIYTTLVGLLNARNYNFGGEFVEAMIRQLKESLKANNYNEAVYLVRFLSDLVNCHVIAAPSMVAMFENFVSVTQEEDVPQVRRDWYVYAFLSSLPWVGKELYEKKDAEMDRIFSTTESYLKRRQKTHVPMLQVWTADKPHPQEEYLDCLWAQIQKLKKDRWQERHILRPYLAFDSILCEALQHNLPPFTPPPHTEDSVYPMPRVIF
211	Q569E7	T	25	WT	Q569E7_T25WT	EKPYMCSECGETFSVSSHLFTHKRTHSG
212	Q569E7	T	25	E	Q569E7_T25E	EKPYMCSECGETFSVSSHLFTHKREHSG
213	Q569E7	T	25	Neutral	Q569E7_T25Neutral	EKPYMCSECGETFSVSSHLFTHKRAHSG
214	Q5PR73	S	175	WT	Q5PR73_S175WT	MPEQSNDYRVAVFGAGGVGKSSLVLRFVKGTFRESYIPTVEDTYRQVISCDKSICTLQITDTTGSHQFPAMQRLSISKGHAFILVYSITSRQSLEELKPIYEQICEIKGDVESIPIMLVGNKCDESPNREVQSSEAEALARTWKCAFMETSAKLNHNVKELFQELLNLEKRRTVSLQ
215	Q5PR73	S	175	E	Q5PR73_S175E	MPEQSNDYRVAVFGAGGVGKSSLVLRFVKGTFRESYIPTVEDTYRQVISCDKSICTLQITDTTGSHQFPAMQRLSISKGHAFILVYSITSRQSLEELKPIYEQICEIKGDVESIPIMLVGNKCDESPNREVQSSEAEALARTWKCAFMETSAKLNHNVKELFQELLNLEKRRTVELQ
216	Q5PR73	S	175	Neutral	Q5PR73_S175Neutral	MPEQSNDYRVAVFGAGGVGKSSLVLRFVKGTFRESYIPTVEDTYRQVISCDKSICTLQITDTTGSHQFPAMQRLSISKGHAFILVYSITSRQSLEELKPIYEQICEIKGDVESIPIMLVGNKCDESPNREVQSSEAEALARTWKCAFMETSAKLNHNVKELFQELLNLEKRRTVALQ
217	Q5SVR0	S	31	WT	Q5SVR0_S31WT	LLRVSYEKFSNLRADDIEQMRFKQRLKVIQSLEDTAKRSVVRAIPGDIGFSIEELEDLYMVFKAKHLASQYWGGNRSAAVHRDPSLPYLEQYRIDASQFRELFASLTPWACGSHTPVLAGRMFRLLDQNKDSLINFKEFVTGMSGMYHGDLTEKLKALYKLHLPPALIPEEAESALEAAHYFTEDSSSE
218	Q5SVR0	S	31	E	Q5SVR0_S31E	LLRVSYEKFSNLRADDIEQMRFKQRLKVIQELEDTAKRSVVRAIPGDIGFSIEELEDLYMVFKAKHLASQYWGGNRSAAVHRDPSLPYLEQYRIDASQFRELFASLTPWACGSHTPVLAGRMFRLLDQNKDSLINFKEFVTGMSGMYHGDLTEKLKALYKLHLPPALIPEEAESALEAAHYFTEDSSSE
219	Q5SVR0	S	31	Neutral	Q5SVR0_S31Neutral	LLRVSYEKFSNLRADDIEQMRFKQRLKVIQALEDTAKRSVVRAIPGDIGFSIEELEDLYMVFKAKHLASQYWGGNRSAAVHRDPSLPYLEQYRIDASQFRELFASLTPWACGSHTPVLAGRMFRLLDQNKDSLINFKEFVTGMSGMYHGDLTEKLKALYKLHLPPALIPEEAESALEAAHYFTEDSSSE
220	Q60902-4	S	181	WT	Q60902-4_S181WT	FTGVKELDDISQEIAQLQREKYSLEQDIREKEEAIRQKTSEVQELQNDLDRETSSLQELEAQKQDAQDRLDEMDQQKAKLRDMLSDVRQKCQDETQTISSLKTQIQSQESDLKSQEDDLNRAKSELNRLQQEETQLEQSIQAGRAQLETILRSLKCTQDDINQARSKLSQLQESHLEAHRSLEQYDQD
221	Q60902-4	S	181	E	Q60902-4_S181E	FTGVKELDDISQEIAQLQREKYSLEQDIREKEEAIRQKTSEVQELQNDLDRETSSLQELEAQKQDAQDRLDEMDQQKAKLRDMLSDVRQKCQDETQTISSLKTQIQSQESDLKSQEDDLNRAKSELNRLQQEETQLEQSIQAGRAQLETILRSLKCTQDDINQARSKLSQLQESHLEAHRELEQYDQD
222	Q60902-4	S	181	Neutral	Q60902-4_S181Neutral	FTGVKELDDISQEIAQLQREKYSLEQDIREKEEAIRQKTSEVQELQNDLDRETSSLQELEAQKQDAQDRLDEMDQQKAKLRDMLSDVRQKCQDETQTISSLKTQIQSQESDLKSQEDDLNRAKSELNRLQQEETQLEQSIQAGRAQLETILRSLKCTQDDINQARSKLSQLQESHLEAHRALEQYDQD
223	Q60902	T	99	WT	Q60902_T99WT	AWVVPVADKMRFDEIFLKTDLDLDGYVSGQEVKEIFMHSGLTQNLLAHIWALADTRQTGKLSKEQFALAMYFIQQKVSKGIDPPQVLSPDMVPPSERGT
224	Q60902	T	99	E	Q60902_T99E	AWVVPVADKMRFDEIFLKTDLDLDGYVSGQEVKEIFMHSGLTQNLLAHIWALADTRQTGKLSKEQFALAMYFIQQKVSKGIDPPQVLSPDMVPPSERGE
225	Q60902	T	99	Neutral	Q60902_T99Neutral	AWVVPVADKMRFDEIFLKTDLDLDGYVSGQEVKEIFMHSGLTQNLLAHIWALADTRQTGKLSKEQFALAMYFIQQKVSKGIDPPQVLSPDMVPPSERGA
226	Q62417	S	2	WT	Q62417_S2WT	VSPQQPQAQQRRVTPDRSQPSLDLCSYQALYSYVPQNDDELELRDGDIVDVMEKCDDGWFVGTSRRTRQFGTFPGNYVK
227	Q62417	S	2	E	Q62417_S2E	VEPQQPQAQQRRVTPDRSQPSLDLCSYQALYSYVPQNDDELELRDGDIVDVMEKCDDGWFVGTSRRTRQFGTFPGNYVK
228	Q62417	S	2	Neutral	Q62417_S2Neutral	VAPQQPQAQQRRVTPDRSQPSLDLCSYQALYSYVPQNDDELELRDGDIVDVMEKCDDGWFVGTSRRTRQFGTFPGNYVK
229	Q63844	Y	80	WT	Q63844_Y80WT	METDLYKLLKSQQLSNDHICYFLYQILRGLKYIHSANVLHRDLKPSNLLINTTCDLKICDFGLARIADPEHDHTGFLTEYVATRWYRAPEIMLNSKGYTKSIDIWSVGCILAEMLSNRPIFPGKHYLDQLNHILGILGSPSQEDLNCIINMKARNYLQSLPSKTKVAWAKLFPKSDSKALDLLDRMLTFNPNKRITVEEALAHPYLEQYYDPTDEPVAEEPFT
230	Q63844	Y	80	E	Q63844_Y80E	METDLYKLLKSQQLSNDHICYFLYQILRGLKYIHSANVLHRDLKPSNLLINTTCDLKICDFGLARIADPEHDHTGFLTEEVATRWYRAPEIMLNSKGYTKSIDIWSVGCILAEMLSNRPIFPGKHYLDQLNHILGILGSPSQEDLNCIINMKARNYLQSLPSKTKVAWAKLFPKSDSKALDLLDRMLTFNPNKRITVEEALAHPYLEQYYDPTDEPVAEEPFT
231	Q63844	Y	80	Neutral	Q63844_Y80Neutral	METDLYKLLKSQQLSNDHICYFLYQILRGLKYIHSANVLHRDLKPSNLLINTTCDLKICDFGLARIADPEHDHTGFLTEFVATRWYRAPEIMLNSKGYTKSIDIWSVGCILAEMLSNRPIFPGKHYLDQLNHILGILGSPSQEDLNCIINMKARNYLQSLPSKTKVAWAKLFPKSDSKALDLLDRMLTFNPNKRITVEEALAHPYLEQYYDPTDEPVAEEPFT
232	Q6A065	S	122	WT	Q6A065_S122WT	MSLTSWFLVSSGGTRHRLPREMIFVGRDDCELMLQSRSVDKQHAVINYDASMDEHLVKDLGSLNGTFVNDVRIPEQTYITLKLEDKLRFGYDTNLFTVVRGEMRVPEEALKHEKFTIQLQLSQKSS
233	Q6A065	S	122	E	Q6A065_S122E	MSLTSWFLVSSGGTRHRLPREMIFVGRDDCELMLQSRSVDKQHAVINYDASMDEHLVKDLGSLNGTFVNDVRIPEQTYITLKLEDKLRFGYDTNLFTVVRGEMRVPEEALKHEKFTIQLQLEQKSS
234	Q6A065	S	122	Neutral	Q6A065_S122Neutral	MSLTSWFLVSSGGTRHRLPREMIFVGRDDCELMLQSRSVDKQHAVINYDASMDEHLVKDLGSLNGTFVNDVRIPEQTYITLKLEDKLRFGYDTNLFTVVRGEMRVPEEALKHEKFTIQLQLAQKSS
235	Q6ZWY8	S	10	WT	Q6ZWY8_S10WT	DKPDMGEIASFDKAKLKKTETQEKNTLPTKETIEQEKR
236	Q6ZWY8	S	10	E	Q6ZWY8_S10E	DKPDMGEIAEFDKAKLKKTETQEKNTLPTKETIEQEKR
237	Q6ZWY8	S	10	Neutral	Q6ZWY8_S10Neutral	DKPDMGEIAAFDKAKLKKTETQEKNTLPTKETIEQEKR
238	Q80TL0	T	275	WT	Q80TL0_T275WT	YETSIHAIKNMRRKMEDKHVCIPDFNMLFNLEDQEEQAYFAVFDGHGGVDAAIYASVHLHVNLVRQEMFPHDPAEALCRAFRVTDERFVQKAARESLRCGTTGVVTFIRGNMLHVAWVGDSQVMLVRKGQAVELMKPHKPDREDEKQRIEALGGCVVWFGAWRVNGSLSVSRAIGDAEHKPYICGDADSASTVLDGTEDYLILACDGFYDTVNPDEAVKVVSDHLKENNGDSSMVAHKLVASARDAGSSDNITVIVVFLRDMNKAVNVSEESEWTENSFQ
239	Q80TL0	T	275	E	Q80TL0_T275E	YETSIHAIKNMRRKMEDKHVCIPDFNMLFNLEDQEEQAYFAVFDGHGGVDAAIYASVHLHVNLVRQEMFPHDPAEALCRAFRVTDERFVQKAARESLRCGTTGVVTFIRGNMLHVAWVGDSQVMLVRKGQAVELMKPHKPDREDEKQRIEALGGCVVWFGAWRVNGSLSVSRAIGDAEHKPYICGDADSASTVLDGTEDYLILACDGFYDTVNPDEAVKVVSDHLKENNGDSSMVAHKLVASARDAGSSDNITVIVVFLRDMNKAVNVSEESEWEENSFQ
240	Q80TL0	T	275	Neutral	Q80TL0_T275Neutral	YETSIHAIKNMRRKMEDKHVCIPDFNMLFNLEDQEEQAYFAVFDGHGGVDAAIYASVHLHVNLVRQEMFPHDPAEALCRAFRVTDERFVQKAARESLRCGTTGVVTFIRGNMLHVAWVGDSQVMLVRKGQAVELMKPHKPDREDEKQRIEALGGCVVWFGAWRVNGSLSVSRAIGDAEHKPYICGDADSASTVLDGTEDYLILACDGFYDTVNPDEAVKVVSDHLKENNGDSSMVAHKLVASARDAGSSDNITVIVVFLRDMNKAVNVSEESEWAENSFQ
241	Q80TL0	S	278	WT	Q80TL0_S278WT	YETSIHAIKNMRRKMEDKHVCIPDFNMLFNLEDQEEQAYFAVFDGHGGVDAAIYASVHLHVNLVRQEMFPHDPAEALCRAFRVTDERFVQKAARESLRCGTTGVVTFIRGNMLHVAWVGDSQVMLVRKGQAVELMKPHKPDREDEKQRIEALGGCVVWFGAWRVNGSLSVSRAIGDAEHKPYICGDADSASTVLDGTEDYLILACDGFYDTVNPDEAVKVVSDHLKENNGDSSMVAHKLVASARDAGSSDNITVIVVFLRDMNKAVNVSEESEWTENSFQ
242	Q80TL0	S	278	E	Q80TL0_S278E	YETSIHAIKNMRRKMEDKHVCIPDFNMLFNLEDQEEQAYFAVFDGHGGVDAAIYASVHLHVNLVRQEMFPHDPAEALCRAFRVTDERFVQKAARESLRCGTTGVVTFIRGNMLHVAWVGDSQVMLVRKGQAVELMKPHKPDREDEKQRIEALGGCVVWFGAWRVNGSLSVSRAIGDAEHKPYICGDADSASTVLDGTEDYLILACDGFYDTVNPDEAVKVVSDHLKENNGDSSMVAHKLVASARDAGSSDNITVIVVFLRDMNKAVNVSEESEWTENEFQ
243	Q80TL0	S	278	Neutral	Q80TL0_S278Neutral	YETSIHAIKNMRRKMEDKHVCIPDFNMLFNLEDQEEQAYFAVFDGHGGVDAAIYASVHLHVNLVRQEMFPHDPAEALCRAFRVTDERFVQKAARESLRCGTTGVVTFIRGNMLHVAWVGDSQVMLVRKGQAVELMKPHKPDREDEKQRIEALGGCVVWFGAWRVNGSLSVSRAIGDAEHKPYICGDADSASTVLDGTEDYLILACDGFYDTVNPDEAVKVVSDHLKENNGDSSMVAHKLVASARDAGSSDNITVIVVFLRDMNKAVNVSEESEWTENAFQ
244	Q80Y20	S	139	WT	Q80Y20_S139WT	FSSTRHSPWPRIVEFLKALPSGSIVADIGCGNGKYLGINKDLYMIGCDRSQNLVDICRERQFQALVCDALAVPVRSGSCDACISIAVIHHFATAERRVEALQELARLLRPGGQALIYVWAMEQEYKNQKSKYLRGKRISQGDKDELNSATSTEEFLVNQTPEGVNEDPALSVNSSSITKEEEYKSRKVPNSELPIHINRTCFHSQDVLVPWHLKRNPGKDKAIEPSGVAGCPDPSPVFHRYYHVFCDGELEASCQAVGDVSILQSYYDQGNWCVVLQK
245	Q80Y20	S	139	E	Q80Y20_S139E	FSSTRHSPWPRIVEFLKALPSGSIVADIGCGNGKYLGINKDLYMIGCDRSQNLVDICRERQFQALVCDALAVPVRSGSCDACISIAVIHHFATAERRVEALQELARLLRPGGQALIYVWAMEQEYKNQKSKYLRGKRIEQGDKDELNSATSTEEFLVNQTPEGVNEDPALSVNSSSITKEEEYKSRKVPNSELPIHINRTCFHSQDVLVPWHLKRNPGKDKAIEPSGVAGCPDPSPVFHRYYHVFCDGELEASCQAVGDVSILQSYYDQGNWCVVLQK
246	Q80Y20	S	139	Neutral	Q80Y20_S139Neutral	FSSTRHSPWPRIVEFLKALPSGSIVADIGCGNGKYLGINKDLYMIGCDRSQNLVDICRERQFQALVCDALAVPVRSGSCDACISIAVIHHFATAERRVEALQELARLLRPGGQALIYVWAMEQEYKNQKSKYLRGKRIAQGDKDELNSATSTEEFLVNQTPEGVNEDPALSVNSSSITKEEEYKSRKVPNSELPIHINRTCFHSQDVLVPWHLKRNPGKDKAIEPSGVAGCPDPSPVFHRYYHVFCDGELEASCQAVGDVSILQSYYDQGNWCVVLQK
247	Q80YE7	T	40	WT	Q80YE7_T40WT	RIKLKLFGHSGSGKSTLVESLKCGLLRSFFRRRRPRLSSTNSTRFPPSPLAAKPTVSVSINNLY
248	Q80YE7	T	40	E	Q80YE7_T40E	RIKLKLFGHSGSGKSTLVESLKCGLLRSFFRRRRPRLSSENSTRFPPSPLAAKPTVSVSINNLY
249	Q80YE7	T	40	Neutral	Q80YE7_T40Neutral	RIKLKLFGHSGSGKSTLVESLKCGLLRSFFRRRRPRLSSANSTRFPPSPLAAKPTVSVSINNLY
250	Q80YS6	S	13	WT	Q80YS6_S13WT	DGKGKKTRHQWPSEEASMDLVKDAKICAFLLRKKRFGQWTKLLCVIKDTKLLCYKSSKDQQPQMELPLQGCSITYIPRDSKKKKHELKITQQGTDPLVLAVQSKEQAEQWLKVIKEAYSGCSGPVD
251	Q80YS6	S	13	E	Q80YS6_S13E	DGKGKKTRHQWPEEEASMDLVKDAKICAFLLRKKRFGQWTKLLCVIKDTKLLCYKSSKDQQPQMELPLQGCSITYIPRDSKKKKHELKITQQGTDPLVLAVQSKEQAEQWLKVIKEAYSGCSGPVD
252	Q80YS6	S	13	Neutral	Q80YS6_S13Neutral	DGKGKKTRHQWPAEEASMDLVKDAKICAFLLRKKRFGQWTKLLCVIKDTKLLCYKSSKDQQPQMELPLQGCSITYIPRDSKKKKHELKITQQGTDPLVLAVQSKEQAEQWLKVIKEAYSGCSGPVD
253	Q8BMC4	S	152	WT	Q8BMC4_S152WT	EVTVLGSLLLQHLLYFSNPGLVLRSLSALTGPQLLTLAQSPAGSHVFDAILSSPSVTHKQRRRVLKTLKGQYVALACSRHGSRVLDAIWSGAALGARKEIAAELGEKNQELIQDPFGHHVARNVALTTFLKRREAWEQQQSTVAKRRRALSSI
254	Q8BMC4	S	152	E	Q8BMC4_S152E	EVTVLGSLLLQHLLYFSNPGLVLRSLSALTGPQLLTLAQSPAGSHVFDAILSSPSVTHKQRRRVLKTLKGQYVALACSRHGSRVLDAIWSGAALGARKEIAAELGEKNQELIQDPFGHHVARNVALTTFLKRREAWEQQQSTVAKRRRALSEI
255	Q8BMC4	S	152	Neutral	Q8BMC4_S152Neutral	EVTVLGSLLLQHLLYFSNPGLVLRSLSALTGPQLLTLAQSPAGSHVFDAILSSPSVTHKQRRRVLKTLKGQYVALACSRHGSRVLDAIWSGAALGARKEIAAELGEKNQELIQDPFGHHVARNVALTTFLKRREAWEQQQSTVAKRRRALSAI
256	Q8BPM0	S	257	WT	Q8BPM0_S257WT	QQRLQSLYFKKKFAERVAEVKPKVEAIRSGSEEVFRSRALKQLLEVVLAFGNYMNKGQRGNAYGFKISSLNKIADTKSSIDKNITLLHYLITIVENKYPKVLNLSEELRDIPQAAKVNMTELDKEISTLRSGLKAVETELEYQKSQPPQPGDKFVSVVSQFITLASFSFSDVEDLLAEAKELFTKAVKHFGEEAGKIQPDEFFGIFDQFLQAVAEAKQENENMRKRKEEEERRARLEAQLKEQRERERKVRKAKESSEESGEFDDLVSALRSGEVFDK
257	Q8BPM0	S	257	E	Q8BPM0_S257E	QQRLQSLYFKKKFAERVAEVKPKVEAIRSGSEEVFRSRALKQLLEVVLAFGNYMNKGQRGNAYGFKISSLNKIADTKSSIDKNITLLHYLITIVENKYPKVLNLSEELRDIPQAAKVNMTELDKEISTLRSGLKAVETELEYQKSQPPQPGDKFVSVVSQFITLASFSFSDVEDLLAEAKELFTKAVKHFGEEAGKIQPDEFFGIFDQFLQAVAEAKQENENMRKRKEEEERRARLEAQLKEQRERERKVRKAKESEEESGEFDDLVSALRSGEVFDK
258	Q8BPM0	S	257	Neutral	Q8BPM0_S257Neutral	QQRLQSLYFKKKFAERVAEVKPKVEAIRSGSEEVFRSRALKQLLEVVLAFGNYMNKGQRGNAYGFKISSLNKIADTKSSIDKNITLLHYLITIVENKYPKVLNLSEELRDIPQAAKVNMTELDKEISTLRSGLKAVETELEYQKSQPPQPGDKFVSVVSQFITLASFSFSDVEDLLAEAKELFTKAVKHFGEEAGKIQPDEFFGIFDQFLQAVAEAKQENENMRKRKEEEERRARLEAQLKEQRERERKVRKAKESAEESGEFDDLVSALRSGEVFDK
259	Q8BXK8	S	105	WT	Q8BXK8_S105WT	MWVDAVIFVFSLEDEISFQTVYHYYSRMANYRNTSEIPLVLVGTQDAISSTNPRVIDDVRARKLSNDLKRCTYYETCATYGLNVERVFQDVAQKIVATRKKQQLSI
260	Q8BXK8	S	105	E	Q8BXK8_S105E	MWVDAVIFVFSLEDEISFQTVYHYYSRMANYRNTSEIPLVLVGTQDAISSTNPRVIDDVRARKLSNDLKRCTYYETCATYGLNVERVFQDVAQKIVATRKKQQLEI
261	Q8BXK8	S	105	Neutral	Q8BXK8_S105Neutral	MWVDAVIFVFSLEDEISFQTVYHYYSRMANYRNTSEIPLVLVGTQDAISSTNPRVIDDVRARKLSNDLKRCTYYETCATYGLNVERVFQDVAQKIVATRKKQQLAI
262	Q8C0D5	S	51	WT	Q8C0D5_S51WT	MIRLQKNTANIRNICVLAHVDHGKTTLADCLISSNGIISSRLAGKLRYMDSREDEQVRGITMKSSAISLHYAEGHEEYLINLIDSPGHVDFSSEVSTAVRICDGCIIVVDAVEGVCPQTQAVLRQAWLENIRPVLVINKIDRLIVELKFTPQEAYSHLKNILEQINALTGTLFTSKVLEERAERETESQAKPHSEQGEQVYDWSAGLEDVDDSQLYFSPEQGNVVFTSAIDGWG
263	Q8C0D5	S	51	E	Q8C0D5_S51E	MIRLQKNTANIRNICVLAHVDHGKTTLADCLISSNGIISSRLAGKLRYMDEREDEQVRGITMKSSAISLHYAEGHEEYLINLIDSPGHVDFSSEVSTAVRICDGCIIVVDAVEGVCPQTQAVLRQAWLENIRPVLVINKIDRLIVELKFTPQEAYSHLKNILEQINALTGTLFTSKVLEERAERETESQAKPHSEQGEQVYDWSAGLEDVDDSQLYFSPEQGNVVFTSAIDGWG
264	Q8C0D5	S	51	Neutral	Q8C0D5_S51Neutral	MIRLQKNTANIRNICVLAHVDHGKTTLADCLISSNGIISSRLAGKLRYMDAREDEQVRGITMKSSAISLHYAEGHEEYLINLIDSPGHVDFSSEVSTAVRICDGCIIVVDAVEGVCPQTQAVLRQAWLENIRPVLVINKIDRLIVELKFTPQEAYSHLKNILEQINALTGTLFTSKVLEERAERETESQAKPHSEQGEQVYDWSAGLEDVDDSQLYFSPEQGNVVFTSAIDGWG
265	Q8C0Q9	T	132	WT	Q8C0Q9_T132WT	TPEKILEHLLNDLHLAEVQHKETETLLDDFLLTYTVFMTTDDLCQALLRHYSAKKYQGEEENSDVPCRKRKVLHLVSQWISLYKDWLHEDEHSKMFLKTIYRNVLDDVYEYPILEKELKEFQKILGVYRRHTVDEYSPQKKNKALFHQFSLKENWLQHRGTV
266	Q8C0Q9	T	132	E	Q8C0Q9_T132E	TPEKILEHLLNDLHLAEVQHKETETLLDDFLLTYTVFMTTDDLCQALLRHYSAKKYQGEEENSDVPCRKRKVLHLVSQWISLYKDWLHEDEHSKMFLKTIYRNVLDDVYEYPILEKELKEFQKILGVYRRHEVDEYSPQKKNKALFHQFSLKENWLQHRGTV
267	Q8C0Q9	T	132	Neutral	Q8C0Q9_T132Neutral	TPEKILEHLLNDLHLAEVQHKETETLLDDFLLTYTVFMTTDDLCQALLRHYSAKKYQGEEENSDVPCRKRKVLHLVSQWISLYKDWLHEDEHSKMFLKTIYRNVLDDVYEYPILEKELKEFQKILGVYRRHAVDEYSPQKKNKALFHQFSLKENWLQHRGTV
268	Q8C0Q9	S	137	WT	Q8C0Q9_S137WT	TPEKILEHLLNDLHLAEVQHKETETLLDDFLLTYTVFMTTDDLCQALLRHYSAKKYQGEEENSDVPCRKRKVLHLVSQWISLYKDWLHEDEHSKMFLKTIYRNVLDDVYEYPILEKELKEFQKILGVYRRHTVDEYSPQKKNKALFHQFSLKENWLQHRGTV
269	Q8C0Q9	S	137	E	Q8C0Q9_S137E	TPEKILEHLLNDLHLAEVQHKETETLLDDFLLTYTVFMTTDDLCQALLRHYSAKKYQGEEENSDVPCRKRKVLHLVSQWISLYKDWLHEDEHSKMFLKTIYRNVLDDVYEYPILEKELKEFQKILGVYRRHTVDEYEPQKKNKALFHQFSLKENWLQHRGTV
270	Q8C0Q9	S	137	Neutral	Q8C0Q9_S137Neutral	TPEKILEHLLNDLHLAEVQHKETETLLDDFLLTYTVFMTTDDLCQALLRHYSAKKYQGEEENSDVPCRKRKVLHLVSQWISLYKDWLHEDEHSKMFLKTIYRNVLDDVYEYPILEKELKEFQKILGVYRRHTVDEYAPQKKNKALFHQFSLKENWLQHRGTV
271	Q8C6M1	S	34	WT	Q8C6M1_S34WT	HHHEGHSKLSSSPPRASPVRMGPSYVLKKAQVPSTGGRRRKEQSYRSVISDVFNGSVLSLVQCLTCDRVSTTVETFQDLSLPIPGKEDLAKLHSAIYQNVPAKPGACGDSYSSQGWLAFIVEYIRRFVVSCTPSWFWGPVVTLEDCLAAFFAADELKGDNMYSCERCKKLRNGVKYCKVLCLPEILCVHLKRFRHEVMYSFKVSSHVSFPLEGLDLRPFLAKECTSQVTTYDLLSVICHHGTAGSGHYIAYCQNVINGQWYEFDDQYVTEVHETVVQNVEAYVLFYR
272	Q8C6M1	S	34	E	Q8C6M1_S34E	HHHEGHSKLSSSPPRASPVRMGPSYVLKKAQVPETGGRRRKEQSYRSVISDVFNGSVLSLVQCLTCDRVSTTVETFQDLSLPIPGKEDLAKLHSAIYQNVPAKPGACGDSYSSQGWLAFIVEYIRRFVVSCTPSWFWGPVVTLEDCLAAFFAADELKGDNMYSCERCKKLRNGVKYCKVLCLPEILCVHLKRFRHEVMYSFKVSSHVSFPLEGLDLRPFLAKECTSQVTTYDLLSVICHHGTAGSGHYIAYCQNVINGQWYEFDDQYVTEVHETVVQNVEAYVLFYR
273	Q8C6M1	S	34	Neutral	Q8C6M1_S34Neutral	HHHEGHSKLSSSPPRASPVRMGPSYVLKKAQVPATGGRRRKEQSYRSVISDVFNGSVLSLVQCLTCDRVSTTVETFQDLSLPIPGKEDLAKLHSAIYQNVPAKPGACGDSYSSQGWLAFIVEYIRRFVVSCTPSWFWGPVVTLEDCLAAFFAADELKGDNMYSCERCKKLRNGVKYCKVLCLPEILCVHLKRFRHEVMYSFKVSSHVSFPLEGLDLRPFLAKECTSQVTTYDLLSVICHHGTAGSGHYIAYCQNVINGQWYEFDDQYVTEVHETVVQNVEAYVLFYR
274	Q8C854	T	11	WT	Q8C854_T11WT	QQQPAEPRRDTHPGEPEKPPRSSANGVKMENDESVKEEKSDLKEKSTGNKKANRFHPYSKDKNSGTGEKKGPNRNRVFISNIPYDMKWQAIKDLMREKVGEVTYVELFKDAEGKSRGCGVVEFKDEEFVKKALETMNKYDLSGRPLNIKEDPDGENARRA
275	Q8C854	T	11	E	Q8C854_T11E	QQQPAEPRRDEHPGEPEKPPRSSANGVKMENDESVKEEKSDLKEKSTGNKKANRFHPYSKDKNSGTGEKKGPNRNRVFISNIPYDMKWQAIKDLMREKVGEVTYVELFKDAEGKSRGCGVVEFKDEEFVKKALETMNKYDLSGRPLNIKEDPDGENARRA
276	Q8C854	T	11	Neutral	Q8C854_T11Neutral	QQQPAEPRRDAHPGEPEKPPRSSANGVKMENDESVKEEKSDLKEKSTGNKKANRFHPYSKDKNSGTGEKKGPNRNRVFISNIPYDMKWQAIKDLMREKVGEVTYVELFKDAEGKSRGCGVVEFKDEEFVKKALETMNKYDLSGRPLNIKEDPDGENARRA
277	Q8C854	S	59	WT	Q8C854_S59WT	QQQPAEPRRDTHPGEPEKPPRSSANGVKMENDESVKEEKSDLKEKSTGNKKANRFHPYSKDKNSGTGEKKGPNRNRVFISNIPYDMKWQAIKDLMREKVGEVTYVELFKDAEGKSRGCGVVEFKDEEFVKKALETMNKYDLSGRPLNIKEDPDGENARRA
278	Q8C854	S	59	E	Q8C854_S59E	QQQPAEPRRDTHPGEPEKPPRSSANGVKMENDESVKEEKSDLKEKSTGNKKANRFHPYEKDKNSGTGEKKGPNRNRVFISNIPYDMKWQAIKDLMREKVGEVTYVELFKDAEGKSRGCGVVEFKDEEFVKKALETMNKYDLSGRPLNIKEDPDGENARRA
279	Q8C854	S	59	Neutral	Q8C854_S59Neutral	QQQPAEPRRDTHPGEPEKPPRSSANGVKMENDESVKEEKSDLKEKSTGNKKANRFHPYAKDKNSGTGEKKGPNRNRVFISNIPYDMKWQAIKDLMREKVGEVTYVELFKDAEGKSRGCGVVEFKDEEFVKKALETMNKYDLSGRPLNIKEDPDGENARRA
280	Q8CD76	S	226	WT	Q8CD76_S226WT	QQHSSAAAAAQQGGYEIPARLRTLHNLVIQYASQGRYEVAVPLCKQALEDLEKTSGHDHPDVATMLNILALVYRDQNKYKDAANLLNDALAIREKTLGRDHPAVAATLNNLAVLYGKRGKYKEAEPLCKRALEIREKVLGKDHPDVAKQLNNLALLCQNQGKYEEVEYYYQRALGIYQTKLGPDDPNVAKTKNNLASCYLKQGKFKQAETLYKEILTRAHEREFGSVDDENKPIWMHAEEREECKGKQKDGSAFGEYGGWYKACKVDSPTVTTTLKNLGALYRRQGKFEAAETLEEAAMRSRKQG
281	Q8CD76	S	226	E	Q8CD76_S226E	QQHSSAAAAAQQGGYEIPARLRTLHNLVIQYASQGRYEVAVPLCKQALEDLEKTSGHDHPDVATMLNILALVYRDQNKYKDAANLLNDALAIREKTLGRDHPAVAATLNNLAVLYGKRGKYKEAEPLCKRALEIREKVLGKDHPDVAKQLNNLALLCQNQGKYEEVEYYYQRALGIYQTKLGPDDPNVAKTKNNLASCYLKQGKFKQAETLYKEILTRAHEREFGEVDDENKPIWMHAEEREECKGKQKDGSAFGEYGGWYKACKVDSPTVTTTLKNLGALYRRQGKFEAAETLEEAAMRSRKQG
282	Q8CD76	S	226	Neutral	Q8CD76_S226Neutral	QQHSSAAAAAQQGGYEIPARLRTLHNLVIQYASQGRYEVAVPLCKQALEDLEKTSGHDHPDVATMLNILALVYRDQNKYKDAANLLNDALAIREKTLGRDHPAVAATLNNLAVLYGKRGKYKEAEPLCKRALEIREKVLGKDHPDVAKQLNNLALLCQNQGKYEEVEYYYQRALGIYQTKLGPDDPNVAKTKNNLASCYLKQGKFKQAETLYKEILTRAHEREFGAVDDENKPIWMHAEEREECKGKQKDGSAFGEYGGWYKACKVDSPTVTTTLKNLGALYRRQGKFEAAETLEEAAMRSRKQG
283	Q8CFI0-3	S	12	WT	Q8CFI0-3_S12WT	SPIRRAVKDTLSNPQSPQPSPYNSPKPQHKVTQSFLPPGWEMRIAPNGRPFFIDHNTKTTTWEDPRL
284	Q8CFI0-3	S	12	E	Q8CFI0-3_S12E	SPIRRAVKDTLENPQSPQPSPYNSPKPQHKVTQSFLPPGWEMRIAPNGRPFFIDHNTKTTTWEDPRL
285	Q8CFI0-3	S	12	Neutral	Q8CFI0-3_S12Neutral	SPIRRAVKDTLANPQSPQPSPYNSPKPQHKVTQSFLPPGWEMRIAPNGRPFFIDHNTKTTTWEDPRL
286	Q8CFI0-3	S	16	WT	Q8CFI0-3_S16WT	SPIRRAVKDTLSNPQSPQPSPYNSPKPQHKVTQSFLPPGWEMRIAPNGRPFFIDHNTKTTTWEDPRL
287	Q8CFI0-3	S	16	E	Q8CFI0-3_S16E	SPIRRAVKDTLSNPQEPQPSPYNSPKPQHKVTQSFLPPGWEMRIAPNGRPFFIDHNTKTTTWEDPRL
288	Q8CFI0-3	S	16	Neutral	Q8CFI0-3_S16Neutral	SPIRRAVKDTLSNPQAPQPSPYNSPKPQHKVTQSFLPPGWEMRIAPNGRPFFIDHNTKTTTWEDPRL
289	Q8CFI0-3	S	20	WT	Q8CFI0-3_S20WT	SPIRRAVKDTLSNPQSPQPSPYNSPKPQHKVTQSFLPPGWEMRIAPNGRPFFIDHNTKTTTWEDPRL
290	Q8CFI0-3	S	20	E	Q8CFI0-3_S20E	SPIRRAVKDTLSNPQSPQPEPYNSPKPQHKVTQSFLPPGWEMRIAPNGRPFFIDHNTKTTTWEDPRL
291	Q8CFI0-3	S	20	Neutral	Q8CFI0-3_S20Neutral	SPIRRAVKDTLSNPQSPQPAPYNSPKPQHKVTQSFLPPGWEMRIAPNGRPFFIDHNTKTTTWEDPRL
292	Q8JZW4	S	83	WT	Q8JZW4_S83WT	PATKVEITVSCRNLLDKDMFSKSDPLCVMYTQGMENKQWREFGRTEVIDNTLNPDFVRKFIVDYFFEEKQNLRFDLYDVDSKSPDLSKHDFLGQAFCTLGEIVGSSGSRLEKPLTIGTFSLNSRTGKPMPAVSNG
293	Q8JZW4	S	83	E	Q8JZW4_S83E	PATKVEITVSCRNLLDKDMFSKSDPLCVMYTQGMENKQWREFGRTEVIDNTLNPDFVRKFIVDYFFEEKQNLRFDLYDVDSKEPDLSKHDFLGQAFCTLGEIVGSSGSRLEKPLTIGTFSLNSRTGKPMPAVSNG
294	Q8JZW4	S	83	Neutral	Q8JZW4_S83Neutral	PATKVEITVSCRNLLDKDMFSKSDPLCVMYTQGMENKQWREFGRTEVIDNTLNPDFVRKFIVDYFFEEKQNLRFDLYDVDSKAPDLSKHDFLGQAFCTLGEIVGSSGSRLEKPLTIGTFSLNSRTGKPMPAVSNG
295	Q8K2K6	S	26	WT	Q8K2K6_S26WT	TPEVKPLKSLLGESAPALHLNKGTPSQSPVVGRSQGQQQEKKQFDLLSDLGSDIFAAPAPQSTATANFANFAHFNSHAAQN
296	Q8K2K6	S	26	E	Q8K2K6_S26E	TPEVKPLKSLLGESAPALHLNKGTPEQSPVVGRSQGQQQEKKQFDLLSDLGSDIFAAPAPQSTATANFANFAHFNSHAAQN
297	Q8K2K6	S	26	Neutral	Q8K2K6_S26Neutral	TPEVKPLKSLLGESAPALHLNKGTPAQSPVVGRSQGQQQEKKQFDLLSDLGSDIFAAPAPQSTATANFANFAHFNSHAAQN
298	Q8K2K6	S	28	WT	Q8K2K6_S28WT	TPEVKPLKSLLGESAPALHLNKGTPSQSPVVGRSQGQQQEKKQFDLLSDLGSDIFAAPAPQSTATANFANFAHFNSHAAQN
299	Q8K2K6	S	28	E	Q8K2K6_S28E	TPEVKPLKSLLGESAPALHLNKGTPSQEPVVGRSQGQQQEKKQFDLLSDLGSDIFAAPAPQSTATANFANFAHFNSHAAQN
300	Q8K2K6	S	28	Neutral	Q8K2K6_S28Neutral	TPEVKPLKSLLGESAPALHLNKGTPSQAPVVGRSQGQQQEKKQFDLLSDLGSDIFAAPAPQSTATANFANFAHFNSHAAQN
301	Q8K458	S	301	WT	Q8K458_S301WT	GIMLVCGIGNFVFIAALARYKKLRNLTNLLIANLAISDFLVAIVCCPFEMDYYVVRQLSWAHGHVLCASVNYLRTVSLYVSTNALLAIAIDRYLAIVHPLKPRMNYQTASFLIALVWMVSILIAVPSAYFTTETILVIVKNQEKIFCGQIWSVDQQLYYKSYFLFVFGLEFVGPVVTMTLCYARISQELWFKAVPGFQTEQIRKRLRCRRKTVLLLMGILTAYVLCWAPFYGFTIVRDFFPTVVVKEKHYLTAFYVVECIAMSNSMINTICFVTVKNNTMKYFKKMLRLHWRPSHYGSKSSADLDLKT
302	Q8K458	S	301	E	Q8K458_S301E	GIMLVCGIGNFVFIAALARYKKLRNLTNLLIANLAISDFLVAIVCCPFEMDYYVVRQLSWAHGHVLCASVNYLRTVSLYVSTNALLAIAIDRYLAIVHPLKPRMNYQTASFLIALVWMVSILIAVPSAYFTTETILVIVKNQEKIFCGQIWSVDQQLYYKSYFLFVFGLEFVGPVVTMTLCYARISQELWFKAVPGFQTEQIRKRLRCRRKTVLLLMGILTAYVLCWAPFYGFTIVRDFFPTVVVKEKHYLTAFYVVECIAMSNSMINTICFVTVKNNTMKYFKKMLRLHWRPSHYGSKSEADLDLKT
303	Q8K458	S	301	Neutral	Q8K458_S301Neutral	GIMLVCGIGNFVFIAALARYKKLRNLTNLLIANLAISDFLVAIVCCPFEMDYYVVRQLSWAHGHVLCASVNYLRTVSLYVSTNALLAIAIDRYLAIVHPLKPRMNYQTASFLIALVWMVSILIAVPSAYFTTETILVIVKNQEKIFCGQIWSVDQQLYYKSYFLFVFGLEFVGPVVTMTLCYARISQELWFKAVPGFQTEQIRKRLRCRRKTVLLLMGILTAYVLCWAPFYGFTIVRDFFPTVVVKEKHYLTAFYVVECIAMSNSMINTICFVTVKNNTMKYFKKMLRLHWRPSHYGSKSAADLDLKT
304	Q8R3C6	S	103	WT	Q8R3C6_S103WT	MSRLIVKNLPNGMKEERFRQLFAAFGTLTDCSLKFTKDGKFRKFGFIGFKSEEEAQAALNHFHRSFIDTTRITVEFCKSFGDPSKPRAWSKHAQKSSQPKQPSQDSVPSDTKKDKKKK
305	Q8R3C6	S	103	E	Q8R3C6_S103E	MSRLIVKNLPNGMKEERFRQLFAAFGTLTDCSLKFTKDGKFRKFGFIGFKSEEEAQAALNHFHRSFIDTTRITVEFCKSFGDPSKPRAWSKHAQKSSQPKQPEQDSVPSDTKKDKKKK
306	Q8R3C6	S	103	Neutral	Q8R3C6_S103Neutral	MSRLIVKNLPNGMKEERFRQLFAAFGTLTDCSLKFTKDGKFRKFGFIGFKSEEEAQAALNHFHRSFIDTTRITVEFCKSFGDPSKPRAWSKHAQKSSQPKQPAQDSVPSDTKKDKKKK
307	Q8VDD9	S	4	WT	Q8VDD9_S4WT	RAQSYDIQAWKKQCQELLNLIFQCEDSEPFRQPVDLLEYPDYRDIIDTPMDFATVRETLEAGNYESPMELCKDVRLIFSNFKAYTPSKRSRIYSMSLRLSAFFEEHISSVLSDYKSALRFHKRNTISK
308	Q8VDD9	S	4	E	Q8VDD9_S4E	RAQEYDIQAWKKQCQELLNLIFQCEDSEPFRQPVDLLEYPDYRDIIDTPMDFATVRETLEAGNYESPMELCKDVRLIFSNFKAYTPSKRSRIYSMSLRLSAFFEEHISSVLSDYKSALRFHKRNTISK
309	Q8VDD9	S	4	Neutral	Q8VDD9_S4Neutral	RAQAYDIQAWKKQCQELLNLIFQCEDSEPFRQPVDLLEYPDYRDIIDTPMDFATVRETLEAGNYESPMELCKDVRLIFSNFKAYTPSKRSRIYSMSLRLSAFFEEHISSVLSDYKSALRFHKRNTISK
310	Q8VDF3-2	S	191	WT	Q8VDF3-2_S191WT	TSFIKQILDGVNYLHTKKIAHFDLKPENIMLLDKNIPIPHIKLIDFGLAHEIEDGVEFKNIFGTPEFVAPEIVNYEPLGLEADMWSIGVITYILLSGASPFLGDTKQETLANITAVSYDFDEEFFSQTSELAKDFIRKLLVKETRKRLTIQEALRHPWISKGEARAPEQWKAQPAQLKTKRLREYTLKCHSSMPPNNTYVN
311	Q8VDF3-2	S	191	E	Q8VDF3-2_S191E	TSFIKQILDGVNYLHTKKIAHFDLKPENIMLLDKNIPIPHIKLIDFGLAHEIEDGVEFKNIFGTPEFVAPEIVNYEPLGLEADMWSIGVITYILLSGASPFLGDTKQETLANITAVSYDFDEEFFSQTSELAKDFIRKLLVKETRKRLTIQEALRHPWISKGEARAPEQWKAQPAQLKTKRLREYTLKCHESMPPNNTYVN
312	Q8VDF3-2	S	191	Neutral	Q8VDF3-2_S191Neutral	TSFIKQILDGVNYLHTKKIAHFDLKPENIMLLDKNIPIPHIKLIDFGLAHEIEDGVEFKNIFGTPEFVAPEIVNYEPLGLEADMWSIGVITYILLSGASPFLGDTKQETLANITAVSYDFDEEFFSQTSELAKDFIRKLLVKETRKRLTIQEALRHPWISKGEARAPEQWKAQPAQLKTKRLREYTLKCHASMPPNNTYVN
313	Q8VDF3-2	S	192	WT	Q8VDF3-2_S192WT	TSFIKQILDGVNYLHTKKIAHFDLKPENIMLLDKNIPIPHIKLIDFGLAHEIEDGVEFKNIFGTPEFVAPEIVNYEPLGLEADMWSIGVITYILLSGASPFLGDTKQETLANITAVSYDFDEEFFSQTSELAKDFIRKLLVKETRKRLTIQEALRHPWISKGEARAPEQWKAQPAQLKTKRLREYTLKCHSSMPPNNTYVN
314	Q8VDF3-2	S	192	E	Q8VDF3-2_S192E	TSFIKQILDGVNYLHTKKIAHFDLKPENIMLLDKNIPIPHIKLIDFGLAHEIEDGVEFKNIFGTPEFVAPEIVNYEPLGLEADMWSIGVITYILLSGASPFLGDTKQETLANITAVSYDFDEEFFSQTSELAKDFIRKLLVKETRKRLTIQEALRHPWISKGEARAPEQWKAQPAQLKTKRLREYTLKCHSEMPPNNTYVN
315	Q8VDF3-2	S	192	Neutral	Q8VDF3-2_S192Neutral	TSFIKQILDGVNYLHTKKIAHFDLKPENIMLLDKNIPIPHIKLIDFGLAHEIEDGVEFKNIFGTPEFVAPEIVNYEPLGLEADMWSIGVITYILLSGASPFLGDTKQETLANITAVSYDFDEEFFSQTSELAKDFIRKLLVKETRKRLTIQEALRHPWISKGEARAPEQWKAQPAQLKTKRLREYTLKCHSAMPPNNTYVN
316	Q8VDF3-2	Y	199	WT	Q8VDF3-2_Y199WT	TSFIKQILDGVNYLHTKKIAHFDLKPENIMLLDKNIPIPHIKLIDFGLAHEIEDGVEFKNIFGTPEFVAPEIVNYEPLGLEADMWSIGVITYILLSGASPFLGDTKQETLANITAVSYDFDEEFFSQTSELAKDFIRKLLVKETRKRLTIQEALRHPWISKGEARAPEQWKAQPAQLKTKRLREYTLKCHSSMPPNNTYVN
317	Q8VDF3-2	Y	199	E	Q8VDF3-2_Y199E	TSFIKQILDGVNYLHTKKIAHFDLKPENIMLLDKNIPIPHIKLIDFGLAHEIEDGVEFKNIFGTPEFVAPEIVNYEPLGLEADMWSIGVITYILLSGASPFLGDTKQETLANITAVSYDFDEEFFSQTSELAKDFIRKLLVKETRKRLTIQEALRHPWISKGEARAPEQWKAQPAQLKTKRLREYTLKCHSSMPPNNTEVN
318	Q8VDF3-2	Y	199	Neutral	Q8VDF3-2_Y199Neutral	TSFIKQILDGVNYLHTKKIAHFDLKPENIMLLDKNIPIPHIKLIDFGLAHEIEDGVEFKNIFGTPEFVAPEIVNYEPLGLEADMWSIGVITYILLSGASPFLGDTKQETLANITAVSYDFDEEFFSQTSELAKDFIRKLLVKETRKRLTIQEALRHPWISKGEARAPEQWKAQPAQLKTKRLREYTLKCHSSMPPNNTFVN
319	Q8VEK3	S	14	WT	Q8VEK3_S14WT	MSSSPVNVKKLKVSELKEELKKRRLSDKGLKADLMDRLQAALDNEAGGRPAME
320	Q8VEK3	S	14	E	Q8VEK3_S14E	MSSSPVNVKKLKVEELKEELKKRRLSDKGLKADLMDRLQAALDNEAGGRPAME
321	Q8VEK3	S	14	Neutral	Q8VEK3_S14Neutral	MSSSPVNVKKLKVAELKEELKKRRLSDKGLKADLMDRLQAALDNEAGGRPAME
322	Q91VL8	S	26	WT	Q91VL8_S26WT	GRIAYTDAEDVAILTYVKENARSPSSVTGNALWKAMEKSSLTQHSWQSLKDRYLKHLRG
323	Q91VL8	S	26	E	Q91VL8_S26E	GRIAYTDAEDVAILTYVKENARSPSEVTGNALWKAMEKSSLTQHSWQSLKDRYLKHLRG
324	Q91VL8	S	26	Neutral	Q91VL8_S26Neutral	GRIAYTDAEDVAILTYVKENARSPSAVTGNALWKAMEKSSLTQHSWQSLKDRYLKHLRG
325	Q91WM1	S	63	WT	Q91WM1_S63WT	GGPGLHDPCERDPTDALSYMTTQQKEDITHSAQHALRLSAFGQIYKVLEMDPLPSSKPFQKYSWSVTDKEGA
326	Q91WM1	S	63	E	Q91WM1_S63E	GGPGLHDPCERDPTDALSYMTTQQKEDITHSAQHALRLSAFGQIYKVLEMDPLPSSKPFQKYEWSVTDKEGA
327	Q91WM1	S	63	Neutral	Q91WM1_S63Neutral	GGPGLHDPCERDPTDALSYMTTQQKEDITHSAQHALRLSAFGQIYKVLEMDPLPSSKPFQKYAWSVTDKEGA
328	Q91WM1	S	65	WT	Q91WM1_S65WT	GGPGLHDPCERDPTDALSYMTTQQKEDITHSAQHALRLSAFGQIYKVLEMDPLPSSKPFQKYSWSVTDKEGA
329	Q91WM1	S	65	E	Q91WM1_S65E	GGPGLHDPCERDPTDALSYMTTQQKEDITHSAQHALRLSAFGQIYKVLEMDPLPSSKPFQKYSWEVTDKEGA
330	Q91WM1	S	65	Neutral	Q91WM1_S65Neutral	GGPGLHDPCERDPTDALSYMTTQQKEDITHSAQHALRLSAFGQIYKVLEMDPLPSSKPFQKYSWAVTDKEGA
331	Q91Z67	S	38	WT	Q91Z67_S38WT	DDECEPIEAIAKFDYVGRTARELSFKKGASLLLYQRASDDWWEGRHNGIDGLIPHQYIVVQDTEDGVVERSSPKSEIEVMSEPPEEKVTAR
332	Q91Z67	S	38	E	Q91Z67_S38E	DDECEPIEAIAKFDYVGRTARELSFKKGASLLLYQRAEDDWWEGRHNGIDGLIPHQYIVVQDTEDGVVERSSPKSEIEVMSEPPEEKVTAR
333	Q91Z67	S	38	Neutral	Q91Z67_S38Neutral	DDECEPIEAIAKFDYVGRTARELSFKKGASLLLYQRAADDWWEGRHNGIDGLIPHQYIVVQDTEDGVVERSSPKSEIEVMSEPPEEKVTAR
334	Q91Z69	S	14	WT	Q91Z69_S14WT	QHSRSTESVKSTVSETYLSKPSIAKRRANQQETEQFYFMKLREFLEGSNLITKLQAKHDLLQRTLGEGHRAEYMTTSRGRRNSHARHQDSGQVIPLIVESCIRFINLYGLQHQGIFRVSGSQVEVNDIKNSFERGENPLSDEQSNHDINSVAGVLKLYFRGLENPLFPKERFTDLISCIRIDNLYERALHIRKLLLTLPRSVLIVMRYLFAFLNHLSQYSDENMMDPYNLAICFGPTLMPVPEIQDQVSCQAHVNEIVKTIIIHHETIFPDAKELDG
335	Q91Z69	S	14	E	Q91Z69_S14E	QHSRSTESVKSTVEETYLSKPSIAKRRANQQETEQFYFMKLREFLEGSNLITKLQAKHDLLQRTLGEGHRAEYMTTSRGRRNSHARHQDSGQVIPLIVESCIRFINLYGLQHQGIFRVSGSQVEVNDIKNSFERGENPLSDEQSNHDINSVAGVLKLYFRGLENPLFPKERFTDLISCIRIDNLYERALHIRKLLLTLPRSVLIVMRYLFAFLNHLSQYSDENMMDPYNLAICFGPTLMPVPEIQDQVSCQAHVNEIVKTIIIHHETIFPDAKELDG
336	Q91Z69	S	14	Neutral	Q91Z69_S14Neutral	QHSRSTESVKSTVAETYLSKPSIAKRRANQQETEQFYFMKLREFLEGSNLITKLQAKHDLLQRTLGEGHRAEYMTTSRGRRNSHARHQDSGQVIPLIVESCIRFINLYGLQHQGIFRVSGSQVEVNDIKNSFERGENPLSDEQSNHDINSVAGVLKLYFRGLENPLFPKERFTDLISCIRIDNLYERALHIRKLLLTLPRSVLIVMRYLFAFLNHLSQYSDENMMDPYNLAICFGPTLMPVPEIQDQVSCQAHVNEIVKTIIIHHETIFPDAKELDG
337	Q920R0	S	6	WT	Q920R0_S6WT	QVKQESLQGKKSSSLMDIREEELEGGSRRLSLPGLLSQVSPRLLRKAARVKTRTVVLTPTYSGEADALLPSLRTEVWTWGKGKEGQLGHGDVLPRLQPLCVKCLDGKEVIHLEAGGSHSLALTAKSQVYSWGSNTFGQLGHSEFPTTVPRLSKVSSENGVWSVAAGQDYSLFLV
338	Q920R0	S	6	E	Q920R0_S6E	QVKQEELQGKKSSSLMDIREEELEGGSRRLSLPGLLSQVSPRLLRKAARVKTRTVVLTPTYSGEADALLPSLRTEVWTWGKGKEGQLGHGDVLPRLQPLCVKCLDGKEVIHLEAGGSHSLALTAKSQVYSWGSNTFGQLGHSEFPTTVPRLSKVSSENGVWSVAAGQDYSLFLV
339	Q920R0	S	6	Neutral	Q920R0_S6Neutral	QVKQEALQGKKSSSLMDIREEELEGGSRRLSLPGLLSQVSPRLLRKAARVKTRTVVLTPTYSGEADALLPSLRTEVWTWGKGKEGQLGHGDVLPRLQPLCVKCLDGKEVIHLEAGGSHSLALTAKSQVYSWGSNTFGQLGHSEFPTTVPRLSKVSSENGVWSVAAGQDYSLFLV
340	Q99MK8	S	10	WT	Q99MK8_S10WT	NAADAFDIGSFDEEDTKGIKLLDSDQELYRNFPLTISERWQQEVAETVFDTINAETDRLEARKKAKNKQLGHEEDY
341	Q99MK8	S	10	E	Q99MK8_S10E	NAADAFDIGEFDEEDTKGIKLLDSDQELYRNFPLTISERWQQEVAETVFDTINAETDRLEARKKAKNKQLGHEEDY
342	Q99MK8	S	10	Neutral	Q99MK8_S10Neutral	NAADAFDIGAFDEEDTKGIKLLDSDQELYRNFPLTISERWQQEVAETVFDTINAETDRLEARKKAKNKQLGHEEDY
343	Q99MU3	S	25	WT	Q99MU3_S25WT	SATSLFSGKSPVTTLLECMHKLGNSCEFRLLSKEGPAHDPKFQYCVAVGAQTFPPVSAPSKKVAKQMAAEEAMKALQEEAA
344	Q99MU3	S	25	E	Q99MU3_S25E	SATSLFSGKSPVTTLLECMHKLGNECEFRLLSKEGPAHDPKFQYCVAVGAQTFPPVSAPSKKVAKQMAAEEAMKALQEEAA
345	Q99MU3	S	25	Neutral	Q99MU3_S25Neutral	SATSLFSGKSPVTTLLECMHKLGNACEFRLLSKEGPAHDPKFQYCVAVGAQTFPPVSAPSKKVAKQMAAEEAMKALQEEAA
346	Q99NE5	S	77	WT	Q99NE5_S77WT	MQELPDLSHLTEEERNIIMAVMDRQKEEEEKEEAMLKCVVRDMAKPAACKTPRNAESQPHQPPLNIFRCVCVPRKPSSEEGGPDRNWRLHQQFESYKEQVRKIGEEARRYQGEHKDDAPTCGICHKTKFADGCGHLCSYCRTKFCARCGGRVSLRSNNEDKVVMWVCNLCRKQQEILTKSGAWFFGSGPQQ
347	Q99NE5	S	77	E	Q99NE5_S77E	MQELPDLSHLTEEERNIIMAVMDRQKEEEEKEEAMLKCVVRDMAKPAACKTPRNAESQPHQPPLNIFRCVCVPRKPESEEGGPDRNWRLHQQFESYKEQVRKIGEEARRYQGEHKDDAPTCGICHKTKFADGCGHLCSYCRTKFCARCGGRVSLRSNNEDKVVMWVCNLCRKQQEILTKSGAWFFGSGPQQ
348	Q99NE5	S	77	Neutral	Q99NE5_S77Neutral	MQELPDLSHLTEEERNIIMAVMDRQKEEEEKEEAMLKCVVRDMAKPAACKTPRNAESQPHQPPLNIFRCVCVPRKPASEEGGPDRNWRLHQQFESYKEQVRKIGEEARRYQGEHKDDAPTCGICHKTKFADGCGHLCSYCRTKFCARCGGRVSLRSNNEDKVVMWVCNLCRKQQEILTKSGAWFFGSGPQQ
349	Q9CX86	S	58	WT	Q9CX86_S58WT	PGAHAKVKKLFVGGLKGDVAEGDLIEHFSQFGAVEKAEIIADKQSGKKRGFGFVYFQSHDAADKAAVVKFHPIQGHRVEVKKAVPKEDIHAGGGGARAARGGRGGGRGRGGGGGGGGRDQNGLAKGG
350	Q9CX86	S	58	E	Q9CX86_S58E	PGAHAKVKKLFVGGLKGDVAEGDLIEHFSQFGAVEKAEIIADKQSGKKRGFGFVYFQEHDAADKAAVVKFHPIQGHRVEVKKAVPKEDIHAGGGGARAARGGRGGGRGRGGGGGGGGRDQNGLAKGG
351	Q9CX86	S	58	Neutral	Q9CX86_S58Neutral	PGAHAKVKKLFVGGLKGDVAEGDLIEHFSQFGAVEKAEIIADKQSGKKRGFGFVYFQAHDAADKAAVVKFHPIQGHRVEVKKAVPKEDIHAGGGGARAARGGRGGGRGRGGGGGGGGRDQNGLAKGG
352	Q9ERU9	S	31	WT	Q9ERU9_S31WT	SSPVRKNLFRFGESTTGFNFSFKSALSPSKSPAKLNQSGASVGTDEESDVTQEEERDGQYFEPVVPLPDLVEVSSGEENEQVVFSHRAKLYRYDKDVGQWKERGIGDIKILQNYDNKQVRIVMRRDQVLKLCANHRITPDMTLQTMKGTERVWVWTACDFADGERKIEHLAVRFKLQDVADSFKKIFDEAK
353	Q9ERU9	S	31	E	Q9ERU9_S31E	SSPVRKNLFRFGESTTGFNFSFKSALSPSKEPAKLNQSGASVGTDEESDVTQEEERDGQYFEPVVPLPDLVEVSSGEENEQVVFSHRAKLYRYDKDVGQWKERGIGDIKILQNYDNKQVRIVMRRDQVLKLCANHRITPDMTLQTMKGTERVWVWTACDFADGERKIEHLAVRFKLQDVADSFKKIFDEAK
354	Q9ERU9	S	31	Neutral	Q9ERU9_S31Neutral	SSPVRKNLFRFGESTTGFNFSFKSALSPSKAPAKLNQSGASVGTDEESDVTQEEERDGQYFEPVVPLPDLVEVSSGEENEQVVFSHRAKLYRYDKDVGQWKERGIGDIKILQNYDNKQVRIVMRRDQVLKLCANHRITPDMTLQTMKGTERVWVWTACDFADGERKIEHLAVRFKLQDVADSFKKIFDEAK
355	Q9ET54	S	107	WT	Q9ET54_S107WT	VENATAPFFEMKLKHYKIFEGMPVTFTCRVAGNPKPKIYWFKDGKQISPKSDHYTIQRDLDGTCSLHTTASTLDDDGNYTIMAANPQGRVSCTGRLMVQAVNQRGRS
356	Q9ET54	S	107	E	Q9ET54_S107E	VENATAPFFEMKLKHYKIFEGMPVTFTCRVAGNPKPKIYWFKDGKQISPKSDHYTIQRDLDGTCSLHTTASTLDDDGNYTIMAANPQGRVSCTGRLMVQAVNQRGRE
357	Q9ET54	S	107	Neutral	Q9ET54_S107Neutral	VENATAPFFEMKLKHYKIFEGMPVTFTCRVAGNPKPKIYWFKDGKQISPKSDHYTIQRDLDGTCSLHTTASTLDDDGNYTIMAANPQGRVSCTGRLMVQAVNQRGRA
358	Q9JIX8	S	8	WT	Q9JIX8_S8WT	RSISQQKSGVSITIDDPVRTAQVPSPPRGKISNIVHISNLVRPFTLGQLKELLGRTGTLVEEAFWIDKIKSHCFVTYSTVEEAVATRTALHGVKWPQSNPKFLCADYAEQDEL
359	Q9JIX8	S	8	E	Q9JIX8_S8E	RSISQQKEGVSITIDDPVRTAQVPSPPRGKISNIVHISNLVRPFTLGQLKELLGRTGTLVEEAFWIDKIKSHCFVTYSTVEEAVATRTALHGVKWPQSNPKFLCADYAEQDEL
360	Q9JIX8	S	8	Neutral	Q9JIX8_S8Neutral	RSISQQKAGVSITIDDPVRTAQVPSPPRGKISNIVHISNLVRPFTLGQLKELLGRTGTLVEEAFWIDKIKSHCFVTYSTVEEAVATRTALHGVKWPQSNPKFLCADYAEQDEL
361	Q9JIX8	S	11	WT	Q9JIX8_S11WT	RSISQQKSGVSITIDDPVRTAQVPSPPRGKISNIVHISNLVRPFTLGQLKELLGRTGTLVEEAFWIDKIKSHCFVTYSTVEEAVATRTALHGVKWPQSNPKFLCADYAEQDEL
362	Q9JIX8	S	11	E	Q9JIX8_S11E	RSISQQKSGVEITIDDPVRTAQVPSPPRGKISNIVHISNLVRPFTLGQLKELLGRTGTLVEEAFWIDKIKSHCFVTYSTVEEAVATRTALHGVKWPQSNPKFLCADYAEQDEL
363	Q9JIX8	S	11	Neutral	Q9JIX8_S11Neutral	RSISQQKSGVAITIDDPVRTAQVPSPPRGKISNIVHISNLVRPFTLGQLKELLGRTGTLVEEAFWIDKIKSHCFVTYSTVEEAVATRTALHGVKWPQSNPKFLCADYAEQDEL
364	Q9JIX8	T	13	WT	Q9JIX8_T13WT	RSISQQKSGVSITIDDPVRTAQVPSPPRGKISNIVHISNLVRPFTLGQLKELLGRTGTLVEEAFWIDKIKSHCFVTYSTVEEAVATRTALHGVKWPQSNPKFLCADYAEQDEL
365	Q9JIX8	T	13	E	Q9JIX8_T13E	RSISQQKSGVSIEIDDPVRTAQVPSPPRGKISNIVHISNLVRPFTLGQLKELLGRTGTLVEEAFWIDKIKSHCFVTYSTVEEAVATRTALHGVKWPQSNPKFLCADYAEQDEL
366	Q9JIX8	T	13	Neutral	Q9JIX8_T13Neutral	RSISQQKSGVSIAIDDPVRTAQVPSPPRGKISNIVHISNLVRPFTLGQLKELLGRTGTLVEEAFWIDKIKSHCFVTYSTVEEAVATRTALHGVKWPQSNPKFLCADYAEQDEL
367	Q9JKZ2	S	301	WT	Q9JKZ2_S301WT	EDVPWPGFILGQTPASVWYWCADQVIVQRVLAAKNIAHAKGSTLMAGFLKLLPMFIIVVPGMISRIVFADEIACINPEHCMQVCGSRAGCSNIAYPRLVMTLVPVGLRGLMMAVMIAALMSDLDSIFNSASTIFTLDVYKLIRKSASSRELMIVGRIFVAFMVVISIAWVPIIVEMQGGQMYLYIQEVADYLTPPVAALFLLAIFWKRCNEQGAFYGGMAGFVLGAVRLILAFTYRAPECDQPDNRPGFIKDIHYMYVATALFWITGLITVIVSLLTPPPTKDQIRTTTFWSKKTLVTKESCSQKD
368	Q9JKZ2	S	301	E	Q9JKZ2_S301E	EDVPWPGFILGQTPASVWYWCADQVIVQRVLAAKNIAHAKGSTLMAGFLKLLPMFIIVVPGMISRIVFADEIACINPEHCMQVCGSRAGCSNIAYPRLVMTLVPVGLRGLMMAVMIAALMSDLDSIFNSASTIFTLDVYKLIRKSASSRELMIVGRIFVAFMVVISIAWVPIIVEMQGGQMYLYIQEVADYLTPPVAALFLLAIFWKRCNEQGAFYGGMAGFVLGAVRLILAFTYRAPECDQPDNRPGFIKDIHYMYVATALFWITGLITVIVSLLTPPPTKDQIRTTTFWSKKTLVTKEECSQKD
369	Q9JKZ2	S	301	Neutral	Q9JKZ2_S301Neutral	EDVPWPGFILGQTPASVWYWCADQVIVQRVLAAKNIAHAKGSTLMAGFLKLLPMFIIVVPGMISRIVFADEIACINPEHCMQVCGSRAGCSNIAYPRLVMTLVPVGLRGLMMAVMIAALMSDLDSIFNSASTIFTLDVYKLIRKSASSRELMIVGRIFVAFMVVISIAWVPIIVEMQGGQMYLYIQEVADYLTPPVAALFLLAIFWKRCNEQGAFYGGMAGFVLGAVRLILAFTYRAPECDQPDNRPGFIKDIHYMYVATALFWITGLITVIVSLLTPPPTKDQIRTTTFWSKKTLVTKEACSQKD
370	Q9JKZ2	S	301	WT	Q9JKZ2_S301WT	VPWPGFILGQTPASVWYWCADQVIVQRVLAAKNIAHAKGSTLMAGFLKLLPMFIIVVPGMISRIVFADEIACINPEHCMQVCGSRAGCSNIAYPRLVMTLVPVGLRGLMMAVMIAALMSDLDSIFNSASTIFTLDVYKLIRKSASSRELMIVGRIFVAFMVVISIAWVPIIVEMQGGQMYLYIQEVADYLTPPVAALFLLAIFWKRCNEQGAFYGGMAGFVLGAVRLILAFTYRAPECDQPDNRPGFIKDIHYMYVATALFWITGLITVIVSLLTPPPTKDQIRTTTFWSKKTLVTKESCSQKD
371	Q9JKZ2	S	301	E	Q9JKZ2_S301E	VPWPGFILGQTPASVWYWCADQVIVQRVLAAKNIAHAKGSTLMAGFLKLLPMFIIVVPGMISRIVFADEIACINPEHCMQVCGSRAGCSNIAYPRLVMTLVPVGLRGLMMAVMIAALMSDLDSIFNSASTIFTLDVYKLIRKSASSRELMIVGRIFVAFMVVISIAWVPIIVEMQGGQMYLYIQEVADYLTPPVAALFLLAIFWKRCNEQGAFYGGMAGFVLGAVRLILAFTYRAPECDQPDNRPGFIKDIHYMYVATALFWITGLITVIVSLLTPPPTKDQIRTTTFWSKKTLVTKESCEQKD
372	Q9JKZ2	S	301	Neutral	Q9JKZ2_S301Neutral	VPWPGFILGQTPASVWYWCADQVIVQRVLAAKNIAHAKGSTLMAGFLKLLPMFIIVVPGMISRIVFADEIACINPEHCMQVCGSRAGCSNIAYPRLVMTLVPVGLRGLMMAVMIAALMSDLDSIFNSASTIFTLDVYKLIRKSASSRELMIVGRIFVAFMVVISIAWVPIIVEMQGGQMYLYIQEVADYLTPPVAALFLLAIFWKRCNEQGAFYGGMAGFVLGAVRLILAFTYRAPECDQPDNRPGFIKDIHYMYVATALFWITGLITVIVSLLTPPPTKDQIRTTTFWSKKTLVTKESCAQKD
373	Q9JME5	S	228	WT	Q9JME5_S228WT	FSSDYKRHDDLKEMLDTNKDSLKLEAMKRIVAMIARGKNASDLFPAVVKNVACKNIEVKKLVYVYLVRYAEEQQDLALLSISTFQRGLKDPNQLIRASALRVLSSIRVPIIVPIMMLAIKEAASDMSPYVRKTAAHAIPKLYSLDSDQKDQLIEVIEKLLADKTTLVAGSVVMAFEEVCPERIDLIHKNYRKLCNLLIDVEEWGQVVIISMLTRYARTQFLSPTQNESLLEENPEKAFYGSEEDEAKGPGSEEAATAALPARKPYVMDPDHRLLLRNTKPLLQSRSAAVVMAVAQLYFHLAPKAEVGVIAKALVRLLRSHSEVQYVVLQNVATMSIKRRGMFEPYLKSFYIRSTDPTQIKILKLEVLTNLANETNIPTVLREFQTYIRSMDKDFVAATIQAIGRCATNIGRVRDTCLNGLVQLLSNRDELVVAESVVVIKKLLQMQPAQHGEIIKHLAKLTDNIQVPMARASILWLIGEYCEHVPKIAPDVLRKMAKSFTAEEDIVKLQVINLAAKLYLTNSKQTKLL
374	Q9JME5	S	228	E	Q9JME5_S228E	FSSDYKRHDDLKEMLDTNKDSLKLEAMKRIVAMIARGKNASDLFPAVVKNVACKNIEVKKLVYVYLVRYAEEQQDLALLSISTFQRGLKDPNQLIRASALRVLSSIRVPIIVPIMMLAIKEAASDMSPYVRKTAAHAIPKLYSLDSDQKDQLIEVIEKLLADKTTLVAGSVVMAFEEVCPERIDLIHKNYRKLCNLLIDVEEWGQVVIISMLTRYARTQFLSPTQNEELLEENPEKAFYGSEEDEAKGPGSEEAATAALPARKPYVMDPDHRLLLRNTKPLLQSRSAAVVMAVAQLYFHLAPKAEVGVIAKALVRLLRSHSEVQYVVLQNVATMSIKRRGMFEPYLKSFYIRSTDPTQIKILKLEVLTNLANETNIPTVLREFQTYIRSMDKDFVAATIQAIGRCATNIGRVRDTCLNGLVQLLSNRDELVVAESVVVIKKLLQMQPAQHGEIIKHLAKLTDNIQVPMARASILWLIGEYCEHVPKIAPDVLRKMAKSFTAEEDIVKLQVINLAAKLYLTNSKQTKLL
375	Q9JME5	S	228	Neutral	Q9JME5_S228Neutral	FSSDYKRHDDLKEMLDTNKDSLKLEAMKRIVAMIARGKNASDLFPAVVKNVACKNIEVKKLVYVYLVRYAEEQQDLALLSISTFQRGLKDPNQLIRASALRVLSSIRVPIIVPIMMLAIKEAASDMSPYVRKTAAHAIPKLYSLDSDQKDQLIEVIEKLLADKTTLVAGSVVMAFEEVCPERIDLIHKNYRKLCNLLIDVEEWGQVVIISMLTRYARTQFLSPTQNEALLEENPEKAFYGSEEDEAKGPGSEEAATAALPARKPYVMDPDHRLLLRNTKPLLQSRSAAVVMAVAQLYFHLAPKAEVGVIAKALVRLLRSHSEVQYVVLQNVATMSIKRRGMFEPYLKSFYIRSTDPTQIKILKLEVLTNLANETNIPTVLREFQTYIRSMDKDFVAATIQAIGRCATNIGRVRDTCLNGLVQLLSNRDELVVAESVVVIKKLLQMQPAQHGEIIKHLAKLTDNIQVPMARASILWLIGEYCEHVPKIAPDVLRKMAKSFTAEEDIVKLQVINLAAKLYLTNSKQTKLL
376	Q9JMH9-6	S	74	WT	Q9JMH9-6_S74WT	QNPEWGGSARGASFEELCHNYAQDRLQRLFHERTFLQELERYKEDNIELAFDDLEPVADDSVAAVDQASHLVRSLAHADEARGLLWLLEEEALVPGATEDALLDRLFSYYGPQEGDKKGQSPLLRSSKPRHFLLGHSHGTNWVEYNVAGWLNYTKQNPAT
377	Q9JMH9-6	S	74	E	Q9JMH9-6_S74E	QNPEWGGSARGASFEELCHNYAQDRLQRLFHERTFLQELERYKEDNIELAFDDLEPVADDSVAAVDQASHLVRELAHADEARGLLWLLEEEALVPGATEDALLDRLFSYYGPQEGDKKGQSPLLRSSKPRHFLLGHSHGTNWVEYNVAGWLNYTKQNPAT
378	Q9JMH9-6	S	74	Neutral	Q9JMH9-6_S74Neutral	QNPEWGGSARGASFEELCHNYAQDRLQRLFHERTFLQELERYKEDNIELAFDDLEPVADDSVAAVDQASHLVRALAHADEARGLLWLLEEEALVPGATEDALLDRLFSYYGPQEGDKKGQSPLLRSSKPRHFLLGHSHGTNWVEYNVAGWLNYTKQNPAT
379	Q9QUG9	S	115	WT	Q9QUG9_S115WT	STLDLDKGCTVEELLRGCIEAFDDSGKVRDPQLVRMFLMMHPWYIPSSQLASKLLHFYQQSRKDNSNSLQMKTCHLVRYWISAFPAEFDLNPELAEQIKELKALLDQEGNRRHSSLIDIESVPTYKWKRQVTQ
380	Q9QUG9	S	115	E	Q9QUG9_S115E	STLDLDKGCTVEELLRGCIEAFDDSGKVRDPQLVRMFLMMHPWYIPSSQLASKLLHFYQQSRKDNSNSLQMKTCHLVRYWISAFPAEFDLNPELAEQIKELKALLDQEGNRRHSELIDIESVPTYKWKRQVTQ
381	Q9QUG9	S	115	Neutral	Q9QUG9_S115Neutral	STLDLDKGCTVEELLRGCIEAFDDSGKVRDPQLVRMFLMMHPWYIPSSQLASKLLHFYQQSRKDNSNSLQMKTCHLVRYWISAFPAEFDLNPELAEQIKELKALLDQEGNRRHSALIDIESVPTYKWKRQVTQ
382	Q9QX66	T	13	WT	Q9QX66_T13WT	AYGIGGLRKRQDTASLEDRDKPYVCDICGKRYKNRPGLSYHYTHTHLAEEEGEEHTERH
383	Q9QX66	T	13	E	Q9QX66_T13E	AYGIGGLRKRQDEASLEDRDKPYVCDICGKRYKNRPGLSYHYTHTHLAEEEGEEHTERH
384	Q9QX66	T	13	Neutral	Q9QX66_T13Neutral	AYGIGGLRKRQDAASLEDRDKPYVCDICGKRYKNRPGLSYHYTHTHLAEEEGEEHTERH
385	Q9QX66	S	15	WT	Q9QX66_S15WT	AYGIGGLRKRQDTASLEDRDKPYVCDICGKRYKNRPGLSYHYTHTHLAEEEGEEHTERH
386	Q9QX66	S	15	E	Q9QX66_S15E	AYGIGGLRKRQDTAELEDRDKPYVCDICGKRYKNRPGLSYHYTHTHLAEEEGEEHTERH
387	Q9QX66	S	15	Neutral	Q9QX66_S15Neutral	AYGIGGLRKRQDTAALEDRDKPYVCDICGKRYKNRPGLSYHYTHTHLAEEEGEEHTERH
388	Q9R1Q8	S	147	WT	Q9R1Q8_S147WT	KIEQKYDADLENKLVDWIILQCAEDIEHPPPGRAHFQKWLMDGTVLCKLINSLYPPGQEPIPKISESKMAFKQMEQISQFLKAAEVYGVRTTDIFQTVDLWEGKDMAAVQRTLMALGSVAVTKDDGCYRGEPSWFHRKAQQNRRGFSEEQLRQGQNVIGLQMGSN
389	Q9R1Q8	S	147	E	Q9R1Q8_S147E	KIEQKYDADLENKLVDWIILQCAEDIEHPPPGRAHFQKWLMDGTVLCKLINSLYPPGQEPIPKISESKMAFKQMEQISQFLKAAEVYGVRTTDIFQTVDLWEGKDMAAVQRTLMALGSVAVTKDDGCYRGEPSWFHRKAQQNRRGFEEEQLRQGQNVIGLQMGSN
390	Q9R1Q8	S	147	Neutral	Q9R1Q8_S147Neutral	KIEQKYDADLENKLVDWIILQCAEDIEHPPPGRAHFQKWLMDGTVLCKLINSLYPPGQEPIPKISESKMAFKQMEQISQFLKAAEVYGVRTTDIFQTVDLWEGKDMAAVQRTLMALGSVAVTKDDGCYRGEPSWFHRKAQQNRRGFAEEQLRQGQNVIGLQMGSN
